compound_key,parent_molregno,molecule_chembl_id,canonical_smiles,documented_target_keys,anchor_target_keys,theta_nm
C0001,13048,CHEMBL535,CCN(CC)CCNC(=O)c1c(C)[nH]c(/C=C2\C(=O)Nc3ccc(F)cc32)c1C,T0083;T0145,T0083;T0145,2
C0002,14366,CHEMBL428690,CN1CC[C@H](c2c(O)cc(O)c3c(=O)cc(-c4ccccc4Cl)oc23)[C@H](O)C1,T0022;T0060;T0067;T0076;T0089;T0092,T0060;T0089,7
C0003,14805,CHEMBL554,CS(=O)(=O)CCNCc1ccc(-c2ccc3ncnc(Nc4ccc(OCc5cccc(F)c5)c(Cl)c4)c3c2)o1,T0002,T0002,51
C0004,33576,CHEMBL24828,COc1cc2c(Nc3ccc(Br)cc3F)ncnc2cc1OCC1CCN(C)CC1,T0020;T0125;T0145,T0145,518
C0005,41764,CHEMBL31965,C=CC(=O)Nc1cc2c(Nc3ccc(F)c(Cl)c3)ncnc2cc1OCCCN1CCOCC1,T0002,T0002,8
C0006,62111,CHEMBL288441,COc1cc(Nc2c(C#N)cnc3cc(OCCCN4CCN(C)CC4)c(OC)cc23)c(Cl)cc1Cl,T0001;T0020;T0070;T0071,T0001;T0020;T0070;T0071,19
C0007,71663,CHEMBL296468,CC(C)(C)c1cnc(CSc2cnc(NC(=O)C3CCNCC3)s2)o1,T0060;T0067;T0089,T0060;T0067,34
C0008,88232,CHEMBL939,COc1cc2ncnc(Nc3ccc(F)c(Cl)c3)c2cc1OCCCN1CCOCC1,T0002,T0002,413
C0009,88797,CHEMBL941,Cc1ccc(NC(=O)c2ccc(CN3CCN(C)CC3)cc2)cc1Nc1nccc(-c2cccnc2)n1,T0001;T0004;T0006,T0001,106
C0010,144959,CHEMBL91829,CN(C)C[C@@H]1CCn2cc(c3ccccc32)C2=C(C(=O)NC2=O)c2cn(c3ccccc23)CCO1,T0063,T0063,198
C0011,205165,CHEMBL124660,COc1cc2c(N3CCN(C(=O)Nc4ccc(OC(C)C)cc4)CC3)ncnc2cc1OCCCN1CCCCC1,T0004;T0083,T0083,15
C0012,276734,CHEMBL1336,CNC(=O)c1cc(Oc2ccc(NC(=O)Nc3ccc(Cl)c(C(F)(F)F)c3)cc2)ccn1,T0004;T0083;T0145;T0150,T0145,117
C0013,299120,CHEMBL180022,CCOc1cc2ncc(C#N)c(Nc3ccc(OCc4ccccn4)c(Cl)c3)c2cc1NC(=O)/C=C/CN(C)C,T0002,T0002,34
C0014,341327,CHEMBL206834,Cc1ccc(NC(=O)c2ccc(CN3CC[C@H](N(C)C)C3)c(C(F)(F)F)c2)cc1Nc1nccc(-c2cncnc2)n1,T0001;T0071,T0001;T0071,26
C0015,361203,CHEMBL384304,COc1ccc(F)c(F)c1C(=O)c1cnc(NC2CCN(S(C)(=O)=O)CC2)nc1N,T0067;T0076;T0092,T0067;T0076,5
C0016,361444,CHEMBL217092,CN1CCN(CCOc2cc(OC3CCOCC3)c3c(Nc4c(Cl)ccc5c4OCO5)ncnc3c2)CC1,T0001;T0020,T0001;T0020,53
C0017,361469,CHEMBL1421,Cc1nc(Nc2ncc(C(=O)Nc3c(C)cccc3Cl)s2)cc(N2CCN(CCO)CC2)n1,T0001;T0004;T0006;T0112,T0001;T0004;T0006;T0112,5
C0018,371147,CHEMBL223360,Cc1ccc(F)c(NC(=O)Nc2ccc(-c3cccc4[nH]nc(N)c34)cc2)c1,T0083,T0083,140
C0019,426660,CHEMBL255863,Cc1cn(-c2cc(NC(=O)c3ccc(C)c(Nc4nccc(-c5cccnc5)n4)c3)cc(C(F)(F)F)c2)cn1,T0001,T0001,301
C0020,428508,CHEMBL259084,O=C(O)c1ccc(Nc2ncc3c(n2)-c2ccc(Cl)cc2C(c2c(F)cccc2F)=NC3)cc1,T0101,T0101,2
C0021,442167,CHEMBL403989,Cc1cc(-c2cc(OC(=O)c3ccccc3)ccc2Cl)cc2nnc(Nc3ccc(OCCN4CCCC4)cc3)nc12,T0004;T0016;T0153,T0004;T0153,109
C0022,453228,CHEMBL507361,O=C(NOC[C@H](O)CO)c1ccc(F)c(F)c1Nc1ccc(I)cc1F,T0045;T0056,T0045;T0056,12
C0023,455596,CHEMBL460702,CCOc1ccn(-c2ccc(F)cc2)c(=O)c1C(=O)Nc1ccc(Oc2ccnc(N)c2Cl)c(F)c1,T0057,T0057,11
C0024,486594,CHEMBL496102,COc1ccc2c(OCc3nnc4ccc(-c5ccccc5)nn34)ccnc2c1,T0057,T0057,28
C0025,494066,CHEMBL495727,O=C(Nc1c[nH]nc1-c1nc2ccc(CN3CCOCC3)cc2[nH]1)NC1CC1,T0001;T0026;T0083;T0101,T0001;T0026;T0083;T0101,16
C0026,494834,CHEMBL522892,CN1CCN(c2ccc3nc(-c4c(N)c5c(F)cccc5[nH]c4=O)[nH]c3c2)CC1,T0083,T0083,0.3
C0027,497877,CHEMBL514201,C[C@H]1CN(C(=O)c2cc3c(C(=O)C(=O)N(C)C)cn(C)c3cc2Cl)[C@H](C)CN1Cc1ccc(F)cc1,T0009,T0009,8
C0028,520053,CHEMBL483158,COc1cc(Nc2ncc3c(n2)-c2ccc(Cl)cc2C(c2c(F)cccc2OC)=NC3)ccc1C(=O)O,T0101,T0101,5
C0029,520121,CHEMBL482968,Cc1cc(Nc2cc(N3CCN(C)CC3)nc(/C=C/c3ccccc3)n2)n[nH]1,T0026;T0083;T0101,T0026;T0083;T0101,8
C0030,559790,CHEMBL564829,CNC(=O)c1nn(C)c2c1C(C)(C)Cc1cnc(Nc3ccc(N4CCN(C)CC4)cc3)nc1-2,T0067;T0073;T0076;T0092,T0067,739
C0031,568337,CHEMBL574737,CN[C@@H]1C[C@H]2O[C@@](C)([C@@H]1OC)n1c3ccccc3c3c4c(c5c6ccccc6n2c5c31)C(=O)N[C@H]4O,T0022;T0067;T0092;T0095,T0095,33
C0032,568338,CHEMBL572881,CC1(C)CNc2cc(NC(=O)c3cccnc3NCc3ccncc3)ccc21,T0006;T0145,T0145,81
C0033,570962,CHEMBL575448,C[C@@]1(C(=O)Nc2ccc(F)nc2)CCCN1c1nc(Nc2cc(C3CC3)n[nH]2)c2cccn2n1,T0003;T0005,T0003;T0005,5
C0034,573133,CHEMBL576982,CC(C)(C)c1cc(NC(=O)Nc2ccc(-c3cn4c(n3)sc3cc(OCCN5CCOCC5)ccc34)cc2)no1,T0083;T0145,T0083;T0145,102
C0035,586744,CHEMBL587723,CCN1CCN(Cc2ccc(-c3cc4c(N[C@H](C)c5ccccc5)ncnc4[nH]3)cc2)CC1,T0002,T0002,403
C0036,597145,CHEMBL603469,C[C@]12O[C@H](C[C@]1(O)CO)n1c3ccccc3c3c4c(c5c6ccccc6n2c5c31)CNC4=O,T0073;T0083;T0145,T0073;T0083;T0145,122
C0037,602271,CHEMBL601719,C[C@@H](Oc1cc(-c2cnn(C3CCNCC3)c2)cnc1N)c1c(Cl)ccc(F)c1Cl,T0057;T0157,T0057;T0157,3
C0038,603809,CHEMBL598797,C#Cc1cccc(Nc2ncnc3cc(OC)c(OCCCCCCC(=O)NO)cc23)c1,T0002,T0002,739
C0039,604615,CHEMBL607707,CCOc1cc2ncc(C#N)c(Nc3ccc(F)c(Cl)c3)c2cc1NC(=O)/C=C/CN(C)C,T0002,T0002,12
C0040,608601,CHEMBL608533,CO[C@@H]1[C@H](N(C)C(=O)c2ccccc2)C[C@H]2O[C@]1(C)n1c3ccccc3c3c4c(c5c6ccccc6n2c5c31)C(=O)NC4,T0083,T0083,341
C0041,619385,CHEMBL1090090,NC(=O)c1ccc(N(C(N)=O)c2c(F)cccc2F)nc1-c1ccc(F)cc1F,T0009,T0009,7
C0042,619399,CHEMBL1088751,CNC(=O)c1ccc(C)c(-n2c(C)cc(OCc3ccc(F)cc3F)c(Br)c2=O)c1,T0009,T0009,5
C0043,619400,CHEMBL1088752,Cc1c(F)cc(C(=O)NC2CC2)cc1-c1ccc(C(=O)NCC(C)(C)C)cn1,T0007;T0009,T0007;T0009,9
C0044,622556,CHEMBL1090479,CCn1cc(-c2ccnc3[nH]c(-c4cccc(CN(C)C)c4)cc23)c(-c2ccc(NC(=O)N(C)C)cc2)n1,T0026,T0026,371
C0045,623658,CHEMBL1091644,C[C@]1(O)C[C@@H](c2nc(-c3ccc4ccc(-c5ccccc5)nc4c3)c3c(N)nccn32)C1,T0003;T0005,T0003;T0005,138
C0046,630975,CHEMBL1084546,CN(c1ncccc1CNc1nc(Nc2ccc3c(c2)CC(=O)N3)ncc1C(F)(F)F)S(C)(=O)=O,T0051,T0051,1
C0047,650126,CHEMBL1173655,CN(C)C/C=C/C(=O)Nc1cc2c(Nc3ccc(F)c(Cl)c3)ncnc2cc1O[C@H]1CCOC1,T0002,T0002,2
C0048,692959,CHEMBL1230609,COc1cc2c(Oc3ccc(NC(=O)C4(C(=O)Nc5ccc(F)cc5)CC4)cc3F)ccnc2cc1OCCCN1CCOCC1,T0057;T0083,T0057;T0083,60
C0049,699032,CHEMBL1236682,COc1cc(F)c(F)c(Nc2ccc(I)cc2F)c1NS(=O)(=O)C1(C[C@H](O)CO)CC1,T0045;T0056,T0045;T0056,130
C0050,714243,CHEMBL1287853,Cc1cnc(Nc2ccc(OCCN3CCCC3)cc2)nc1Nc1cccc(S(=O)(=O)NC(C)(C)C)c1,T0083,T0083,670
C0051,1037712,CHEMBL1614701,Cn1cnc2c(F)c(Nc3ccc(Br)cc3Cl)c(C(=O)NOCCO)cc21,T0045;T0056,T0045;T0056,41
C0052,1037724,CHEMBL1614713,c1cc(OCCN2CCCCC2)cc(-c2n[nH]c3ccc(-c4nnc[nH]4)cc23)c1,T0054;T0055;T0079,T0054;T0079,340
C0053,1037736,CHEMBL1614725,CC(C)(O)CC(=O)NCCn1ccc2ncnc(Nc3ccc(Oc4cccc(C(F)(F)F)c4)c(Cl)c3)c21,T0002,T0002,677
C0054,1037777,CHEMBL1614766,O=C(NOCCO)c1cc(CN2OCCCC2=O)c(F)c(F)c1Nc1ccc(I)cc1F,T0045;T0056,T0045;T0056,6
C0055,1038036,CHEMBL1615025,Cn1c(=O)c(F)c(Nc2ccc(I)cc2F)c2c(=O)n(C[C@@H](O)CO)cnc21,T0045;T0056,T0045;T0056,20
C0056,1060577,CHEMBL1645462,Cc1c(NC(=O)OC[C@@H]2COCCN2)cn2ncnc(Nc3ccc4c(cnn4Cc4cccc(F)c4)c3)c12,T0002,T0002,3
C0057,1102616,CHEMBL1721885,Cc1[nH]c(/C=C2\C(=O)Nc3ccc(F)cc32)c(C)c1C(=O)NC[C@H](O)CN1CCOCC1,T0083,T0083,2
C0058,1117804,CHEMBL1738757,CNC(=O)c1cc(Oc2ccc(NC(=O)Nc3cc(C(C)(C)C)nn3-c3ccc4ncccc4c3)c(F)c2)ccn1,T0001,T0001,317
C0059,1117844,CHEMBL1738797,CCc1cc2c(cc1N1CCC(N3CCOCC3)CC1)C(C)(C)c1[nH]c3cc(C#N)ccc3c1C2=O,T0145;T0157,T0145,369
C0060,1153572,CHEMBL1789941,N#CC[C@H](C1CCCC1)n1cc(-c2ncnc3[nH]ccc23)cn1,T0037;T0039,T0039,5
C0061,1214046,CHEMBL1873475,C=CC(=O)N1CCC[C@@H](n2nc(-c3ccc(Oc4ccccc4)cc3)c3c(N)ncnc32)C1,T0147,T0147,10
C0062,1248758,CHEMBL1908397,O=C(c1ccc(/C=C/c2n[nH]c3ccccc23)cc1)N1CCNCC1,T0001;T0026;T0083;T0101,T0026;T0083;T0101,37
C0063,1276066,CHEMBL1944698,CN1C/C=C/CCOc2cccc(c2)-c2ccnc(n2)Nc2cccc(c2)C1,T0060;T0067;T0076;T0083;T0089,T0060;T0067;T0083;T0089,1
C0064,1277553,CHEMBL1946170,CNC(=O)c1cc(Oc2ccc(NC(=O)Nc3ccc(Cl)c(C(F)(F)F)c3)c(F)c2)ccn1,T0001;T0007;T0016;T0073;T0112;T0114;T0145;T0150;T0187,T0001;T0112;T0145;T0187,126
C0065,1279264,CHEMBL1950289,O[C@H]1CC[C@H](Nc2ncc3nc(Nc4c(F)cc(F)cc4F)n([C@H]4CCOC4)c3n2)CC1,T0054;T0055;T0079,T0054;T0055;T0079,1
C0066,1297331,CHEMBL1976040,C=CCn1c(=O)c2cnc(Nc3ccc(N4CCN(C)CC4)cc3)nc2n1-c1cccc(C(C)(C)O)n1,T0148,T0148,12
C0067,1322310,CHEMBL2001019,OCCn1cc(-c2cnc3nnn(Cc4ccc5ncccc5c4)c3n2)cn1,T0057,T0057,2
C0068,1340894,CHEMBL2028663,CC(C)(C)c1nc(-c2cccc(NS(=O)(=O)c3c(F)cccc3F)c2F)c(-c2ccnc(N)n2)s1,T0150,T0150,22
C0069,1342038,CHEMBL2029988,COc1cc2ncnc(Oc3cccc(NC(=O)Nc4cc(C(C)(C)C(F)(F)F)on4)c3)c2cc1OC,T0002;T0145;T0150,T0145,11
C0070,1344709,CHEMBL2035187,C1=C/COCc2cc(ccc2OCCN2CCCC2)Nc2nccc(n2)-c2cccc(c2)COC/1,T0083,T0083,228
C0071,1348359,CHEMBL2041933,NC(=O)Nc1cc(-c2cccc(F)c2)sc1C(=O)N[C@H]1CCCNC1,T0095,T0095,5
C0072,1363819,CHEMBL2079588,CNC(=O)c1cc(COc2nnc(Nc3ccc(Cl)cc3)c3ccoc23)ccn1,T0004,T0004,555
C0073,1376110,CHEMBL2103840,CCc1cnn2c(NCc3ccc[n+]([O-])c3)cc(N3CCCC[C@H]3CCO)nc12,T0060;T0067;T0076;T0093,T0060;T0067;T0093,7
C0074,1376112,CHEMBL2103842,C[C@@H]1COC(Nc2ccc3ncnc(Nc4ccc(OCc5nccs5)c(Cl)c4)c3c2)=N1,T0002,T0002,5
C0075,1376152,CHEMBL2103882,O=C1NC(=O)[C@@H](c2cn3c4c(cccc24)CCC3)[C@@H]1c1c[nH]c2ccccc12,T0057,T0057,511
C0076,1377998,CHEMBL2105728,CC1(COc2ccc3c(c2)ncn3-c2ccc3cccc(N4CCC(N)CC4)c3n2)COC1,T0083,T0083,18
C0077,1380102,CHEMBL2107832,O=C(NC[C@H](O)CO)c1ccncc1Nc1ccc(I)cc1F,T0045;T0056,T0045;T0056,29
C0078,1383172,CHEMBL2110732,COc1cc2ncnc(Nc3ccc(F)c(Cl)c3)c2cc1NC(=O)/C=C/CN1CCCCC1,T0002,T0002,5
C0079,1405757,CHEMBL2133806,Cn1cc(-c2ccc3nnc(C(F)(F)c4ccc5ncccc5c4)n3n2)cn1,T0057,T0057,2
C0080,1420377,CHEMBL2146883,O=C(c1ccc(F)c(F)c1Nc1ccc(I)cc1F)N1CC(O)([C@@H]2CCCCN2)C1,T0045;T0056,T0045;T0056,22
C0081,1517937,CHEMBL2323775,Cn1cc(-c2cnc3ccc4ccc(CS(=O)(=O)NCc5ccccn5)cc4c(=O)c3c2)cn1,T0053;T0057,T0053;T0057,161
C0082,1540483,CHEMBL2364611,Cc1cccc(-c2nn3c(c2-c2ccnc4ccc(C(N)=O)cc24)CCC3)n1,T0096,T0096,79
C0083,1563660,CHEMBL2386889,Cn1cc(-c2cnn3c(N)c(Br)c([C@@H]4CCCNC4)nc23)cn1,T0095,T0095,11
C0084,1572454,CHEMBL2408045,CNC(=O)CN1CCC(Oc2cc3c(Nc4cccc(Cl)c4F)ncnc3cc2OC)CC1,T0002,T0002,1
C0085,1592335,CHEMBL3039517,Cc1cnc(NC(=O)Nc2cc(Br)c(C)cc2OC[C@@H]2CNCCO2)cn1,T0095,T0095,43
C0086,1624674,CHEMBL3128043,Cc1nc(Nc2[nH]nc3c2CN(C(=O)N[C@H](CN(C)C)c2ccccc2)C3(C)C)c2sccc2n1,T0146,T0146,71
C0087,1626762,CHEMBL3137331,CNC(=O)c1ccc(Nc2ncc(C(F)(F)F)c(NCc3nccnc3N(C)S(C)(=O)=O)n2)cc1,T0051;T0177,T0051;T0177,0.5
C0088,1671735,CHEMBL3182444,O=C(O)C1(Cc2cccc(Nc3nccs3)n2)CCC(Oc2cccc(Cl)c2F)CC1,T0101,T0101,0.1
C0089,1671912,CHEMBL3182621,Cc1cc(C(=O)NOCCO)c(Nc2ccc(I)cc2F)n(C)c1=O,T0045;T0056,T0045;T0056,15
C0090,1677014,CHEMBL3187723,Cn1cnc2c(F)c(Nc3ccc(Br)cc3F)c(C(=O)NOCCO)cc21,T0045;T0056,T0045;T0056,36
C0091,1677558,CHEMBL3188267,CNC(=O)c1ccc(-c2cnc3ncc(Cc4ccc5ncccc5c4)n3n2)cc1F,T0057,T0057,0.3
C0092,1763572,CHEMBL3301610,CCN1CCN(Cc2ccc(Nc3ncc(F)c(-c4cc(F)c5nc(C)n(C(C)C)c5c4)n3)nc2)CC1,T0022;T0092,T0022;T0092,59
C0093,1763574,CHEMBL3301612,COC(=O)N[C@@H](C)CNc1nccc(-c2cn(C(C)C)nc2-c2cc(Cl)cc(NS(C)(=O)=O)c2F)n1,T0150,T0150,124
C0094,1763584,CHEMBL3301622,CCc1nc(C(N)=O)c(Nc2ccc(N3CCC(N4CCN(C)CC4)CC3)c(OC)c2)nc1NC1CCOCC1,T0083,T0083,7
C0095,1817518,CHEMBL3353410,C=CC(=O)Nc1cc(Nc2nccc(-c3cn(C)c4ccccc34)n2)c(OC)cc1N(C)CCN(C)C,T0002,T0002,155
C0096,1832976,CHEMBL3402762,CN1CCC(COc2cnc(-c3cccc(Cn4nc(-c5cccc(C#N)c5)ccc4=O)c3)nc2)CC1,T0057,T0057,1
C0097,1926781,CHEMBL3544932,CCS(=O)(=O)c1cccc(-c2cc(C(=O)NC3CCN(C)CC3)c(C)c3[nH]c4ncc(C)cc4c23)c1,T0026,T0026,44
C0098,1926813,CHEMBL3544964,Cn1nccc1Nc1nccc(-c2ccn([C@H](CO)c3ccc(Cl)c(F)c3)c(=O)c2)n1,T0065;T0066,T0065;T0066,19
C0099,1926832,CHEMBL3544983,COc1cc2c(Nc3ccc(Cl)c(Cl)c3F)ncnc2cc1OC[C@@H]1C[C@@H]2CN(C)C[C@@H]2C1,T0002;T0153,T0002;T0153,37
C0100,1926925,CHEMBL3545076,Cn1cc(-c2ccc(F)c(C(F)(F)F)c2)nc1C1CCN(c2ncnc3[nH]ncc23)CC1,T0091,T0091,15
C0101,1926932,CHEMBL3545083,COCCN1CCN(Cc2ccc(-c3n[nH]c4c3C(=O)c3c(NC(=O)NN5CCOCC5)cccc3-4)cc2)CC1,T0060;T0067;T0076;T0089;T0092;T0093,T0060;T0067;T0089;T0093,33
C0102,1926934,CHEMBL3545085,CC(C)c1cc(CNc2nc(Nc3cc(C4CC4)[nH]n3)cc(N3CCN(C)CC3)n2)on1,T0001;T0005,T0001;T0005,75
C0103,1926959,CHEMBL3545110,CN(C)C(=O)c1cc2cnc(Nc3ccc(N4CCNCC4)cn3)nc2n1C1CCCC1,T0022;T0092,T0022,497
C0104,1926986,CHEMBL3545137,Cn1cc(C2=Nc3cc(NC(=O)C(N)C4CCCCC4)cc4c3C2=CNNC4=O)cn1,T0095,T0095,0.2
C0105,1927157,CHEMBL3545308,C=CC(=O)Nc1cccc(Nc2nc(Nc3ccc(N4CCN(C(C)=O)CC4)cc3OC)ncc2C(F)(F)F)c1,T0002,T0002,498
C0106,1927245,CHEMBL3545396,COc1cccc(Nc2ncnn3ccc(CN4CC[C@@H](N)[C@H](O)C4)c23)c1,T0002,T0002,225
C0107,1951262,CHEMBL3590106,CC(C)Nc1cc(-c2c[nH]c(C(=O)N[C@H](CO)c3cccc(Cl)c3)c2)c(Cl)cn1,T0065;T0066,T0065;T0066,160
C0108,2089491,CHEMBL3813873,FC(F)(F)c1ccc(CNc2ccc(Cc3c[nH]c4ncc(Cl)cc34)cn2)cn1,T0083,T0083,55
C0109,2116850,CHEMBL3907479,Cc1nc2ccc(-n3ncc(C(=O)c4cc5ccccc5[nH]4)c3N)cc2[nH]1,T0016,T0016,3
C0110,2199357,CHEMBL3991932,Cc1ccc(-n2nc(C(C)(C)C)cc2NC(=O)NCc2cc(F)ccc2Oc2ccc3c(cnn3CCO)c2)cc1,T0009,T0009,42
C0111,2255359,CHEMBL4116008,CCS(=O)(=O)N1CCN(c2ccc(Nc3ncc(C(N)=O)c(NC4CC4)n3)cc2)CC1,T0035;T0037;T0084,T0035;T0037;T0084,32
