target_key,tid,classification_paths_json,deepest_level
T0001,8,"[[0,1,6,1100,1285,130]]",5
T0002,9,"[[0,1,6,1100,1285,149]]",5
T0003,35,"[[0,1,6,1100,1285,151]]",5
T0004,197,"[[0,1,6,1100,1285,159]]",5
T0005,234,"[[0,1,6,1100,1285,151]]",5
T0006,238,"[[0,1,6,1100,1285,159]]",5
T0007,10120,"[[0,1,6,1100,148,249,332]]",6
T0008,10140,"[[0,1,6,1100,1285,141]]",5
T0009,10188,"[[0,1,6,1100,148,249,332]]",6
T0010,10197,"[[0,1,6,1100,148,239]]",5
T0011,10207,"[[0,1,6,1100,1289,205]]",5
T0012,10216,"[[0,1,6,1100,1289,206,303]]",6
T0013,10235,"[[0,1,6,1100,1331,298]]",5
T0014,10250,"[[0,1,6,1100,1339,246]]",5
T0015,10262,"[[0,1,6,1100,1301,210]]",5
T0016,10266,"[[0,1,6,1100,1285,150]]",5
T0017,10277,"[[0,1,6,1100,1331,262,343]]",6
T0018,10368,"[[0,1,6,1100,1301,210]]",5
T0019,10371,"[[0,1,6,1100,1331,298]]",5
T0020,10434,"[[0,1,6,1100,1285,141]]",5
T0021,10478,"[[0,1,6,1100,1331,298]]",5
T0022,10480,"[[0,1,6,1100,148]]",4
T0023,10695,"[[0,1,6,1100,1289,203]]",5
T0024,10696,"[[0,1,6,1100,1289,203]]",5
T0025,10711,"[[0,1,6,1100,1289,1618,302]]",6
T0026,10781,"[[0,1,6,1100,158,251]]",5
T0027,10782,"[[0,1,6,1100,1289,1648,287],[0,1,6,1100,1339,1690,385]]",6
T0028,10811,"[[0,1,6,1100,1289,1668,315]]",6
T0029,10839,"[[0,1,6,1100,1339,235]]",5
T0030,10842,"[[0,1,6,1100,1289,208]]",5
T0031,10844,"[[0,1,6,1100,1285,134]]",5
T0032,10850,"[[0,1,6,1100,1289,1648,287],[0,1,6,1100,1339,1690,385]]",6
T0033,10885,"[[0,1,6,1100,1339,236]]",5
T0034,10901,"[[0,1,6,1100,1289,206,303]]",6
T0035,10906,"[[0,1,6,1100,1285,142]]",5
T0036,10907,"[[0,1,6,1100,158,257]]",5
T0037,10919,"[[0,1,6,1100,1285,152],[0,1,6,1100,1285,153]]",5
T0038,10929,"[[0,1,6,1100,1289,1648,289],[0,1,6,1100,1339,1690,386]]",6
T0039,10938,"[[0,1,6,1100,1285,152],[0,1,6,1100,1285,153]]",5
T0040,10939,"[[0,1,6,1100,1289,1648,289],[0,1,6,1100,1339,1690,386]]",6
T0041,10967,"[[0,1,6,1100,1301,210]]",5
T0042,10971,"[[0,1,6,1100,1339,1702]]",5
T0043,11017,"[[0,1,6,1100,148,239]]",5
T0044,11019,"[[0,1,6,1100,1289,207]]",5
T0045,11046,"[[0,1,6,1100,1331,298]]",5
T0046,11047,"[[0,1,6,1100,1331,298]]",5
T0047,11082,"[[0,1,6,1100,1339,1713,472]]",6
T0048,11105,"[[0,1,6,1100,1339,1713,472]]",6
T0049,11149,"[[0,1,6,1100,1289,1668,315]]",6
T0050,11209,"[[0,1,6,1100,1285,130]]",5
T0051,11242,"[[0,1,6,1100,1285,136]]",5
T0052,11364,"[[0,1,6,1100,1339,1702,409]]",6
T0053,11379,"[[0,1,6,1100,1285,139]]",5
T0054,11407,"[[0,1,6,1100,148,249,330]]",6
T0055,11408,"[[0,1,6,1100,148,249,330]]",6
T0056,11409,"[[0,1,6,1100,1331,298]]",5
T0057,11451,"[[0,1,6,1100,1285,139]]",5
T0058,11569,"[[0,1,6,1100,1285,135]]",5
T0059,11622,"[[0,1,6,1100,1339,269]]",5
T0060,11626,"[[0,1,6,1100,148,237,328]]",6
T0061,11629,"[[0,1,6,1100,1301,210]]",5
T0062,11635,"[[0,1,6,1100,1289,206,317]]",6
T0063,11636,"[[0,1,6,1100,1289,206,317]]",6
T0064,11637,"[[0,1,6,1100,1289,208]]",5
T0065,11638,"[[0,1,6,1100,148,249,329]]",6
T0066,11639,"[[0,1,6,1100,148,249,329]]",6
T0067,11678,"[[0,1,6,1100,148,237,323]]",6
T0068,11720,"[[0,1,6,1100,1301,210]]",5
T0069,11755,"[[0,1,6,1100,1285,141]]",5
T0070,11785,"[[0,1,6,1100,1285,141]]",5
T0071,11842,"[[0,1,6,1100,1285,141]]",5
T0072,11870,"[[0,1,6,1100,1334,1623,421]]",6
T0073,11902,"[[0,1,6,1100,1285,146]]",5
T0074,11969,"[[0,1,6,1100,1289,205]]",5
T0075,11970,"[[0,1,6,1100,1289,205]]",5
T0076,12071,"[[0,1,6,1100,148,237,323]]",6
T0077,12090,"[[0,1,6,1100,148,1669,465]]",6
T0078,12247,"[[0,1,6,1100,1289,206,318]]",6
T0079,12261,"[[0,1,6,1100,148,249,330]]",6
T0080,12276,"[[0,1,6,1100,1331,261]]",5
T0081,12665,"[[0,1,6,1100,1289,206,318]]",6
T0082,12666,"[[0,1,6,1100,1289,203]]",5
T0083,12670,"[[0,1,6,1100,1285,159]]",5
T0084,12694,"[[0,1,6,1100,1285,152],[0,1,6,1100,1285,153]]",5
T0085,12724,"[[0,1,6,1100,1289,1648,289],[0,1,6,1100,1339,1690,386]]",6
T0086,12735,"[[0,1,6,1100,1339,234]]",5
T0087,12780,"[[0,1,6,1100,158,252]]",5
T0088,12828,"[[0,1,6,1100,148,237,323]]",6
T0089,12829,"[[0,1,6,1100,148,237,326]]",6
T0090,12915,"[[0,1,6,1100,158]]",4
T0091,12944,"[[0,1,6,1100,1289,1648,288]]",6
T0092,12946,"[[0,1,6,1100,148]]",4
T0093,12947,"[[0,1,6,1100,148,237,325]]",6
T0094,12959,"[[0,1,6,1100,1339,246]]",5
T0095,12967,"[[0,1,6,1100,1339,1702,411]]",6
T0096,13004,"[[0,1,6,1100,1334,1693,404]]",6
T0097,18033,"[[0,1,6,1100,1285,141]]",5
T0098,19623,"[[0,1,6,1100,1334,1674]]",5
T0099,19639,"[[0,1,6,1100,1334,1674]]",5
T0100,20007,"[[0,1,6,1100,1334,1623,421]]",6
T0101,20014,"[[0,1,6,1100,158,251]]",5
T0102,20020,"[[0,1,6,1100,158,255]]",5
T0103,20025,"[[0,1,6,1100,1334,241]]",5
T0104,20139,"[[0,1,6,1100,1452,305]]",5
T0105,30000,"[[0,1,6,1100,158,255]]",5
T0106,30001,"[[0,1,6,1100,1339,1702,412]]",6
T0107,30002,"[[0,1,6,1100,1339,269]]",5
T0108,30003,"[[0,1,6,1100,158,257]]",5
T0109,30004,"[[0,1,6,1100,158,255]]",5
T0110,30006,"[[0,1,6,1100,1331,262,344]]",6
T0111,30007,"[[0,1,6,1100,1285,137]]",5
T0112,30008,"[[0,1,6,1100,1285,135]]",5
T0113,30011,"[[0,1,6,1100,158,308]]",5
T0114,30012,"[[0,1,6,1100,1285,141]]",5
T0115,30013,"[[0,1,6,1100,148,297]]",5
T0116,30014,"[[0,1,6,1100,148,297]]",5
T0117,30015,"[[0,1,6,1100,148,297]]",5
T0118,30017,"[[0,1,6,1100,158,256]]",5
T0119,30018,"[[0,1,6,1100,1334,1678,348]]",6
T0120,30019,"[[0,1,6,1100,1285,135]]",5
T0121,30021,"[[0,1,6,1100,1285,135]]",5
T0122,30022,"[[0,1,6,1100,148,237,388]]",6
T0123,30023,"[[0,1,6,1100,1285,131]]",5
T0124,30024,"[[0,1,6,1100,1331,262,343]]",6
T0125,30026,"[[0,1,6,1100,1285,141]]",5
T0126,30027,"[[0,1,6,1100,1285,135]]",5
T0127,30030,"[[0,1,6,1100,158,256]]",5
T0128,30031,"[[0,1,6,1100,1339,1702]]",5
T0129,30032,"[[0,1,6,1100,158,1701,432]]",6
T0130,30033,"[[0,1,6,1100,158,259]]",5
T0131,30034,"[[0,1,6,1100,1331,261]]",5
T0132,30035,"[[0,1,6,1100,1331,262,344]]",6
T0133,30036,"[[0,1,6,1100,148,297]]",5
T0134,30040,"[[0,1,6,1100,1331,262,402]]",6
T0135,30042,"[[0,1,6,1100,158,255]]",5
T0136,30043,"[[0,1,6,1100,1339,235]]",5
T0137,30047,"[[0,1,6,1100,1331,262,342]]",6
T0138,30048,"[[0,1,6,1100,1289,204]]",5
T0139,30049,"[[0,1,6,1100,1331,262,341]]",6
T0140,30050,"[[0,1,6,1100,1331,261]]",5
T0141,100069,"[[0,1,6,1100,1285,137]]",5
T0142,100071,"[[0,1,6,1100,1331,262,401]]",6
T0143,100075,"[[0,1,6,1100,1334,1693,405]]",6
T0144,100077,"[[0,1,6,1100,158,271]]",5
T0145,100079,"[[0,1,6,1100,1285,140]]",5
T0146,100080,"[[0,1,6,1100,1331,262,402]]",6
T0147,100097,"[[0,1,6,1100,1285,143]]",5
T0148,100098,"[[0,1,6,1100,158,259]]",5
T0149,100104,"[[0,1,6,1100,1334,1623,294]]",6
T0150,100126,"[[0,1,6,1100,1334,1638]]",5
T0151,100127,"[[0,1,6,1100,1285,141]]",5
T0152,100128,"[[0,1,6,1100,1452,291]]",5
T0153,100129,"[[0,1,6,1100,1285,135]]",5
T0154,100140,"[[0,1,6,1100,1339,1702,412]]",6
T0155,100415,"[[0,1,6,1100,1339,236]]",5
T0156,100416,"[[0,1,6,1100,1285,135]]",5
T0157,100417,"[[0,1,6,1100,1334,1693,404]]",6
T0158,100418,"[[0,1,6,1100,1285,143]]",5
T0159,100833,"[[0,1,6,1100,148,249]]",5
T0160,100834,"[[0,1,6,1100,1339,1713,472]]",6
T0161,100836,"[[0,1,6,1100,158,256]]",5
T0162,100845,"[[0,1,6,1100,1289,1668,301]]",6
T0163,100854,"[[0,1,6,1100,1339,1702,413]]",6
T0164,100856,"[[0,1,6,1100,158,253]]",5
T0165,100907,"[[0,1,6,1100,1334,1693,404]]",6
T0166,100908,"[[0,1,6,1100,1334,1693,404]]",6
T0167,100909,"[[0,1,6,1100,1334,1693,404]]",6
T0168,100914,"[[0,1,6,1100,148,237,429]]",6
T0169,100917,"[[0,1,6,1100,1285,1614]]",5
T0170,100931,"[[0,1,6,1100,148,249,331]]",6
T0171,100947,"[[0,1,6,1100,1331,262,341]]",6
T0172,100948,"[[0,1,6,1100,1285,133]]",5
T0173,100949,"[[0,1,6,1100,148,249,393]]",6
T0174,100951,"[[0,1,6,1100,1285,131]]",5
T0175,100992,"[[0,1,6,1100,1334,1693,405]]",6
T0176,100993,"[[0,1,6,1100,1334,1693,405]]",6
T0177,100995,"[[0,1,6,1100,1285,136]]",5
T0178,101014,"[[0,1,6,1100,148,1669,465]]",6
T0179,101030,"[[0,1,6,1100,1334,1678,441]]",6
T0180,101032,"[[0,1,6,1100,1339,1702,383]]",6
T0181,101041,"[[0,1,6,1100,1289,1668,301]]",6
T0182,101048,"[[0,1,6,1100,158,258]]",5
T0183,101053,"[[0,1,6,1100,1289,1668,301]]",6
T0184,101055,"[[0,1,6,1100,1334,1674]]",5
T0185,101056,"[[0,1,6,1100,1331,262,346]]",6
T0186,101058,"[[0,1,6,1100,1301,210,322]]",6
T0187,101079,"[[0,1,6,1100,1285,1614]]",5
T0188,101131,"[[0,1,6,1100,1331,262,345]]",6
T0189,101188,"[[0,1,6,1100,1331,262,341]]",6
T0190,101204,"[[0,1,6,1100,1334,1693,404]]",6
T0191,101220,"[[0,1,6,1100,1331,262,342]]",6
T0192,101229,"[[0,1,6,1100,1452]]",4
T0193,101239,"[[0,1,6,1100,1289,1668,314]]",6
T0194,101312,"[[0,1,6,1100,1331,262,341]]",6
T0195,101317,"[[0,1,6,1100,1339,1702,412]]",6
T0196,101340,"[[0,1,6,1100,1285,135]]",5
T0197,101348,"[[0,1,6,1100,1289,205]]",5
T0198,101359,"[[0,1,6,1100,158,256]]",5
T0199,101386,"[[0,1,6,1100,1334,1678,348]]",6
T0200,101399,"[[0,1,6,1100,1331,261,419]]",6
T0201,101411,"[[0,1,6,1100,158,258]]",5
T0202,101464,"[[0,1,6,1100,1331,262,342]]",6
T0203,101465,"[[0,1,6,1100,1289,204]]",5
T0204,101503,"[[0,1,6,1100,1339,1702,415]]",6
T0205,101504,"[[0,1,6,1100,1339,1702,384]]",6
T0206,101506,"[[0,1,6,1100,1331,262,345]]",6
T0207,101553,"[[0,1,6,1100,148,237,429]]",6
T0208,101598,"[[0,1,6,1100,1334,1693,403]]",6
T0209,101613,"[[0,1,6,1100,1331,262,346]]",6
T0210,102399,"[[0,1,6,1100,1339,1702,416]]",6
T0211,102421,"[[0,1,6,1100,158,256,395]]",6
T0212,102447,"[[0,1,6,1100,1289,1618,283]]",6
T0213,102667,"[[0,1,6,1100,158,1629,334]]",6
T0214,102711,"[[0,1,6,1100,1331,261,419]]",6
T0215,102770,"[[0,1,6,1100,1339,1702,384]]",6
T0216,103095,"[[0,1,6,1100,1289,204]]",5
T0217,103140,"[[0,1,6,1100,1331,262,345]]",6
T0218,103441,"[[0,1,6,1100,148,248]]",5
T0219,103452,"[[0,1,6,1100,1331,261,340]]",6
T0220,103455,"[[0,1,6,1100,148,1640,306]]",6
T0221,103465,"[[0,1,6,1100,1334,1638]]",5
T0222,104146,"[[0,1,6,1100]]",3
T0223,104279,"[[0,1,6,1100,1334]]",4
T0224,104600,"[[0,1,6,1100,1334]]",4
T0225,109747,"[[0,1,6,1100,148,237]]",5
T0226,109903,"[[0,1,6,1100,1289,208]]",5
