condition,comparison_name,dataset,comparison,metric,n,estimate,ci95,permutation_p_two_sided,holm_p_across_8_conditions
klaeger_delta_0_5,bounded_minus_marginal,KLAEGER_CHEMBL30,BOUNDED_COVERAGE - ORIGINAL_MARGINAL,audc_1_20,111,0.018018018018018014,"[-0.0018018018018018003, 0.038288288288288286]",0.08773912260877391,0.2632173678263217
klaeger_delta_0_5,bounded_minus_marginal,KLAEGER_CHEMBL30,BOUNDED_COVERAGE - ORIGINAL_MARGINAL,hit_at_1,111,0.0,"[0.0, 0.0]",1.0,1.0
klaeger_delta_0_5,bounded_minus_marginal,KLAEGER_CHEMBL30,BOUNDED_COVERAGE - ORIGINAL_MARGINAL,hit_at_3,111,0.02702702702702703,"[-0.009009009009009009, 0.07207207207207207]",0.3777662223377766,1.0
klaeger_delta_0_5,bounded_minus_marginal,KLAEGER_CHEMBL30,BOUNDED_COVERAGE - ORIGINAL_MARGINAL,hit_at_5,111,0.04504504504504504,"[0.0, 0.09009009009009009]",0.12154878451215488,0.7292927070729293
klaeger_delta_0_5,bounded_minus_marginal,KLAEGER_CHEMBL30,BOUNDED_COVERAGE - ORIGINAL_MARGINAL,hit_at_10,111,0.018018018018018018,"[-0.018018018018018018, 0.05405405405405406]",0.6235637643623564,1.0
klaeger_delta_0_5,bounded_minus_marginal,KLAEGER_CHEMBL30,BOUNDED_COVERAGE - ORIGINAL_MARGINAL,hit_at_20,111,0.009009009009009009,"[-0.018018018018018018, 0.04504504504504504]",1.0,1.0
klaeger_delta_0_5,bounded_minus_unbounded,KLAEGER_CHEMBL30,BOUNDED_COVERAGE - ORIGINAL_COVERAGE,audc_1_20,111,-0.004954954954954961,"[-0.036486486486486495, 0.02387387387387387]",0.7750422495775042,0.9776902230977691
klaeger_delta_0_5,bounded_minus_unbounded,KLAEGER_CHEMBL30,BOUNDED_COVERAGE - ORIGINAL_COVERAGE,hit_at_1,111,0.0,"[0.0, 0.0]",1.0,1.0
klaeger_delta_0_5,bounded_minus_unbounded,KLAEGER_CHEMBL30,BOUNDED_COVERAGE - ORIGINAL_COVERAGE,hit_at_3,111,-0.009009009009009009,"[-0.02702702702702703, 0.0]",1.0,1.0
klaeger_delta_0_5,bounded_minus_unbounded,KLAEGER_CHEMBL30,BOUNDED_COVERAGE - ORIGINAL_COVERAGE,hit_at_5,111,-0.009009009009009009,"[-0.04504504504504504, 0.018018018018018018]",1.0,1.0
klaeger_delta_0_5,bounded_minus_unbounded,KLAEGER_CHEMBL30,BOUNDED_COVERAGE - ORIGINAL_COVERAGE,hit_at_10,111,0.018018018018018018,"[-0.036036036036036036, 0.07207207207207207]",0.7279127208727912,1.0
klaeger_delta_0_5,bounded_minus_unbounded,KLAEGER_CHEMBL30,BOUNDED_COVERAGE - ORIGINAL_COVERAGE,hit_at_20,111,-0.018018018018018018,"[-0.06306306306306306, 0.02702702702702703]",0.6877731222687773,1.0
klaeger_leave10_nearest,bounded_minus_marginal,KLAEGER_CHEMBL30,BOUNDED_COVERAGE - ORIGINAL_MARGINAL,audc_1_20,111,0.04009009009009008,"[0.021171171171171167, 0.060360360360360354]",2.999970000299997e-05,0.0002099979000209998
klaeger_leave10_nearest,bounded_minus_marginal,KLAEGER_CHEMBL30,BOUNDED_COVERAGE - ORIGINAL_MARGINAL,hit_at_1,111,0.0,"[0.0, 0.0]",1.0,1.0
klaeger_leave10_nearest,bounded_minus_marginal,KLAEGER_CHEMBL30,BOUNDED_COVERAGE - ORIGINAL_MARGINAL,hit_at_3,111,0.13513513513513514,"[0.07207207207207207, 0.1981981981981982]",8.99991000089999e-05,0.0006299937000629993
klaeger_leave10_nearest,bounded_minus_marginal,KLAEGER_CHEMBL30,BOUNDED_COVERAGE - ORIGINAL_MARGINAL,hit_at_5,111,0.11711711711711711,"[0.06306306306306306, 0.18018018018018017]",0.0002899971000289997,0.0023199768002319975
klaeger_leave10_nearest,bounded_minus_marginal,KLAEGER_CHEMBL30,BOUNDED_COVERAGE - ORIGINAL_MARGINAL,hit_at_10,111,0.036036036036036036,"[0.009009009009009009, 0.07207207207207207]",0.12417875821241788,0.8692513074869251
klaeger_leave10_nearest,bounded_minus_marginal,KLAEGER_CHEMBL30,BOUNDED_COVERAGE - ORIGINAL_MARGINAL,hit_at_20,111,0.0,"[0.0, 0.0]",1.0,1.0
klaeger_leave10_nearest,bounded_minus_unbounded,KLAEGER_CHEMBL30,BOUNDED_COVERAGE - ORIGINAL_COVERAGE,audc_1_20,111,0.01711711711711712,"[-0.0013513513513513525, 0.039639639639639644]",0.10979890201097989,0.5489945100548994
klaeger_leave10_nearest,bounded_minus_unbounded,KLAEGER_CHEMBL30,BOUNDED_COVERAGE - ORIGINAL_COVERAGE,hit_at_1,111,0.0,"[0.0, 0.0]",1.0,1.0
klaeger_leave10_nearest,bounded_minus_unbounded,KLAEGER_CHEMBL30,BOUNDED_COVERAGE - ORIGINAL_COVERAGE,hit_at_3,111,0.009009009009009009,"[0.0, 0.02702702702702703]",1.0,1.0
klaeger_leave10_nearest,bounded_minus_unbounded,KLAEGER_CHEMBL30,BOUNDED_COVERAGE - ORIGINAL_COVERAGE,hit_at_5,111,0.009009009009009009,"[0.0, 0.02702702702702703]",1.0,1.0
klaeger_leave10_nearest,bounded_minus_unbounded,KLAEGER_CHEMBL30,BOUNDED_COVERAGE - ORIGINAL_COVERAGE,hit_at_10,111,0.04504504504504504,"[0.009009009009009009, 0.09009009009009009]",0.06122938770612294,0.36737632623673766
klaeger_leave10_nearest,bounded_minus_unbounded,KLAEGER_CHEMBL30,BOUNDED_COVERAGE - ORIGINAL_COVERAGE,hit_at_20,111,0.0,"[-0.02702702702702703, 0.02702702702702703]",1.0,1.0
klaeger_primary_standard,bounded_minus_marginal,KLAEGER_CHEMBL30,BOUNDED_COVERAGE - ORIGINAL_MARGINAL,audc_1_20,111,0.013063063063063056,"[0.00045045045045044786, 0.025675675675675677]",0.05235947640523595,0.22489775102248977
klaeger_primary_standard,bounded_minus_marginal,KLAEGER_CHEMBL30,BOUNDED_COVERAGE - ORIGINAL_MARGINAL,hit_at_1,111,0.0,"[0.0, 0.0]",1.0,1.0
klaeger_primary_standard,bounded_minus_marginal,KLAEGER_CHEMBL30,BOUNDED_COVERAGE - ORIGINAL_MARGINAL,hit_at_3,111,0.018018018018018018,"[-0.036036036036036036, 0.07207207207207207]",0.7519124808751912,1.0
klaeger_primary_standard,bounded_minus_marginal,KLAEGER_CHEMBL30,BOUNDED_COVERAGE - ORIGINAL_MARGINAL,hit_at_5,111,0.04504504504504504,"[-0.009009009009009009, 0.0990990990990991]",0.17852821471785282,0.8926410735892641
klaeger_primary_standard,bounded_minus_marginal,KLAEGER_CHEMBL30,BOUNDED_COVERAGE - ORIGINAL_MARGINAL,hit_at_10,111,0.018018018018018018,"[0.0, 0.04504504504504504]",0.5008949910500895,1.0
klaeger_primary_standard,bounded_minus_marginal,KLAEGER_CHEMBL30,BOUNDED_COVERAGE - ORIGINAL_MARGINAL,hit_at_20,111,0.009009009009009009,"[0.0, 0.02702702702702703]",1.0,1.0
klaeger_primary_standard,bounded_minus_unbounded,KLAEGER_CHEMBL30,BOUNDED_COVERAGE - ORIGINAL_COVERAGE,audc_1_20,111,0.01216216216216216,"[-0.009459459459459462, 0.03513513513513512]",0.32840671593284065,0.9776902230977691
klaeger_primary_standard,bounded_minus_unbounded,KLAEGER_CHEMBL30,BOUNDED_COVERAGE - ORIGINAL_COVERAGE,hit_at_1,111,0.0,"[0.0, 0.0]",1.0,1.0
klaeger_primary_standard,bounded_minus_unbounded,KLAEGER_CHEMBL30,BOUNDED_COVERAGE - ORIGINAL_COVERAGE,hit_at_3,111,0.009009009009009009,"[0.0, 0.02702702702702703]",1.0,1.0
klaeger_primary_standard,bounded_minus_unbounded,KLAEGER_CHEMBL30,BOUNDED_COVERAGE - ORIGINAL_COVERAGE,hit_at_5,111,0.009009009009009009,"[0.0, 0.02702702702702703]",1.0,1.0
klaeger_primary_standard,bounded_minus_unbounded,KLAEGER_CHEMBL30,BOUNDED_COVERAGE - ORIGINAL_COVERAGE,hit_at_10,111,0.02702702702702703,"[-0.009009009009009009, 0.07207207207207207]",0.37548624513754864,1.0
klaeger_primary_standard,bounded_minus_unbounded,KLAEGER_CHEMBL30,BOUNDED_COVERAGE - ORIGINAL_COVERAGE,hit_at_20,111,0.009009009009009009,"[-0.018018018018018018, 0.04504504504504504]",1.0,1.0
klaeger_scaffold_exclusion,bounded_minus_marginal,KLAEGER_CHEMBL30,BOUNDED_COVERAGE - ORIGINAL_MARGINAL,audc_1_20,111,0.013513513513513506,"[0.0009009009009008997, 0.02657657657657657]",0.04497955020449795,0.22489775102248977
klaeger_scaffold_exclusion,bounded_minus_marginal,KLAEGER_CHEMBL30,BOUNDED_COVERAGE - ORIGINAL_MARGINAL,hit_at_1,111,0.0,"[0.0, 0.0]",1.0,1.0
klaeger_scaffold_exclusion,bounded_minus_marginal,KLAEGER_CHEMBL30,BOUNDED_COVERAGE - ORIGINAL_MARGINAL,hit_at_3,111,0.02702702702702703,"[-0.02702702702702703, 0.09009009009009009]",0.5482545174548255,1.0
klaeger_scaffold_exclusion,bounded_minus_marginal,KLAEGER_CHEMBL30,BOUNDED_COVERAGE - ORIGINAL_MARGINAL,hit_at_5,111,0.04504504504504504,"[-0.009009009009009009, 0.0990990990990991]",0.1813381866181338,0.8926410735892641
klaeger_scaffold_exclusion,bounded_minus_marginal,KLAEGER_CHEMBL30,BOUNDED_COVERAGE - ORIGINAL_MARGINAL,hit_at_10,111,0.018018018018018018,"[0.0, 0.04504504504504504]",0.5007749922500775,1.0
klaeger_scaffold_exclusion,bounded_minus_marginal,KLAEGER_CHEMBL30,BOUNDED_COVERAGE - ORIGINAL_MARGINAL,hit_at_20,111,0.009009009009009009,"[0.0, 0.02702702702702703]",1.0,1.0
klaeger_scaffold_exclusion,bounded_minus_unbounded,KLAEGER_CHEMBL30,BOUNDED_COVERAGE - ORIGINAL_COVERAGE,audc_1_20,111,0.01216216216216216,"[-0.009459459459459462, 0.035585585585585576]",0.3258967410325897,0.9776902230977691
klaeger_scaffold_exclusion,bounded_minus_unbounded,KLAEGER_CHEMBL30,BOUNDED_COVERAGE - ORIGINAL_COVERAGE,hit_at_1,111,0.0,"[0.0, 0.0]",1.0,1.0
klaeger_scaffold_exclusion,bounded_minus_unbounded,KLAEGER_CHEMBL30,BOUNDED_COVERAGE - ORIGINAL_COVERAGE,hit_at_3,111,0.009009009009009009,"[0.0, 0.02702702702702703]",1.0,1.0
klaeger_scaffold_exclusion,bounded_minus_unbounded,KLAEGER_CHEMBL30,BOUNDED_COVERAGE - ORIGINAL_COVERAGE,hit_at_5,111,0.009009009009009009,"[0.0, 0.02702702702702703]",1.0,1.0
klaeger_scaffold_exclusion,bounded_minus_unbounded,KLAEGER_CHEMBL30,BOUNDED_COVERAGE - ORIGINAL_COVERAGE,hit_at_10,111,0.02702702702702703,"[-0.009009009009009009, 0.07207207207207207]",0.37371626283737164,1.0
klaeger_scaffold_exclusion,bounded_minus_unbounded,KLAEGER_CHEMBL30,BOUNDED_COVERAGE - ORIGINAL_COVERAGE,hit_at_20,111,0.009009009009009009,"[-0.018018018018018018, 0.04504504504504504]",1.0,1.0
pkis2_gt80_sensitivity,bounded_minus_marginal,PKIS2,BOUNDED_COVERAGE - ORIGINAL_MARGINAL,audc_1_20,640,0.0006249999999999999,"[-0.007499999999999998, 0.008359375]",0.8932110678893211,0.8932110678893211
pkis2_gt80_sensitivity,bounded_minus_marginal,PKIS2,BOUNDED_COVERAGE - ORIGINAL_MARGINAL,hit_at_1,640,0.0,"[0.0, 0.0]",1.0,1.0
pkis2_gt80_sensitivity,bounded_minus_marginal,PKIS2,BOUNDED_COVERAGE - ORIGINAL_MARGINAL,hit_at_3,640,0.0125,"[-0.00625, 0.03125]",0.2703772962270377,1.0
pkis2_gt80_sensitivity,bounded_minus_marginal,PKIS2,BOUNDED_COVERAGE - ORIGINAL_MARGINAL,hit_at_5,640,-0.003125,"[-0.0203125, 0.0140625]",0.8572114278857211,0.8926410735892641
pkis2_gt80_sensitivity,bounded_minus_marginal,PKIS2,BOUNDED_COVERAGE - ORIGINAL_MARGINAL,hit_at_10,640,0.0,"[-0.0171875, 0.0171875]",1.0,1.0
pkis2_gt80_sensitivity,bounded_minus_marginal,PKIS2,BOUNDED_COVERAGE - ORIGINAL_MARGINAL,hit_at_20,640,0.0015625,"[-0.0046875, 0.009375]",1.0,1.0
pkis2_gt80_sensitivity,bounded_minus_unbounded,PKIS2,BOUNDED_COVERAGE - ORIGINAL_COVERAGE,audc_1_20,640,0.027421874999999995,"[0.014296874999999997, 0.041171875000000004]",6.999930000699993e-05,0.0005599944000559995
pkis2_gt80_sensitivity,bounded_minus_unbounded,PKIS2,BOUNDED_COVERAGE - ORIGINAL_COVERAGE,hit_at_1,640,0.0,"[0.0, 0.0]",1.0,1.0
pkis2_gt80_sensitivity,bounded_minus_unbounded,PKIS2,BOUNDED_COVERAGE - ORIGINAL_COVERAGE,hit_at_3,640,0.0171875,"[0.0046875, 0.03125]",0.013179868201317987,0.1054389456105439
pkis2_gt80_sensitivity,bounded_minus_unbounded,PKIS2,BOUNDED_COVERAGE - ORIGINAL_COVERAGE,hit_at_5,640,0.0125,"[-0.003125, 0.028125]",0.16759832401675984,0.8379916200837991
pkis2_gt80_sensitivity,bounded_minus_unbounded,PKIS2,BOUNDED_COVERAGE - ORIGINAL_COVERAGE,hit_at_10,640,0.0296875,"[0.0125, 0.0484375]",0.0027999720002799973,0.02239977600223998
pkis2_gt80_sensitivity,bounded_minus_unbounded,PKIS2,BOUNDED_COVERAGE - ORIGINAL_COVERAGE,hit_at_20,640,0.0359375,"[0.0140625, 0.0578125]",0.001959980400195998,0.015679843201567983
pkis2_gt90_chemotype,bounded_minus_marginal,PKIS2,BOUNDED_COVERAGE - ORIGINAL_MARGINAL,audc_1_20,640,0.04328124999999999,"[0.032109374999999996, 0.05445312499999999]",9.99990000099999e-06,7.999920000799993e-05
pkis2_gt90_chemotype,bounded_minus_marginal,PKIS2,BOUNDED_COVERAGE - ORIGINAL_MARGINAL,hit_at_1,640,0.0,"[0.0, 0.0]",1.0,1.0
pkis2_gt90_chemotype,bounded_minus_marginal,PKIS2,BOUNDED_COVERAGE - ORIGINAL_MARGINAL,hit_at_3,640,0.071875,"[0.05, 0.0953125]",9.99990000099999e-06,7.999920000799993e-05
pkis2_gt90_chemotype,bounded_minus_marginal,PKIS2,BOUNDED_COVERAGE - ORIGINAL_MARGINAL,hit_at_5,640,0.0328125,"[0.0140625, 0.053125]",0.0014099859001409985,0.00986990130098699
pkis2_gt90_chemotype,bounded_minus_marginal,PKIS2,BOUNDED_COVERAGE - ORIGINAL_MARGINAL,hit_at_10,640,0.04375,"[0.021875, 0.0671875]",0.0002899971000289997,0.0023199768002319975
pkis2_gt90_chemotype,bounded_minus_marginal,PKIS2,BOUNDED_COVERAGE - ORIGINAL_MARGINAL,hit_at_20,640,0.0203125,"[0.009375, 0.0328125]",0.0010399896001039989,0.008319916800831991
pkis2_gt90_chemotype,bounded_minus_unbounded,PKIS2,BOUNDED_COVERAGE - ORIGINAL_COVERAGE,audc_1_20,640,-0.010390624999999997,"[-0.025546875000000004, 0.004765625000000001]",0.18486815131848683,0.7394726052739473
pkis2_gt90_chemotype,bounded_minus_unbounded,PKIS2,BOUNDED_COVERAGE - ORIGINAL_COVERAGE,hit_at_1,640,0.0,"[0.0, 0.0]",1.0,1.0
pkis2_gt90_chemotype,bounded_minus_unbounded,PKIS2,BOUNDED_COVERAGE - ORIGINAL_COVERAGE,hit_at_3,640,0.003125,"[-0.0125, 0.01875]",0.8385916140838592,1.0
pkis2_gt90_chemotype,bounded_minus_unbounded,PKIS2,BOUNDED_COVERAGE - ORIGINAL_COVERAGE,hit_at_5,640,-0.0234375,"[-0.0453125, -0.003125]",0.04016959830401696,0.2811871881281187
pkis2_gt90_chemotype,bounded_minus_unbounded,PKIS2,BOUNDED_COVERAGE - ORIGINAL_COVERAGE,hit_at_10,640,-0.0140625,"[-0.0375, 0.009375]",0.2881071189288107,1.0
pkis2_gt90_chemotype,bounded_minus_unbounded,PKIS2,BOUNDED_COVERAGE - ORIGINAL_COVERAGE,hit_at_20,640,-0.0140625,"[-0.0390625, 0.0109375]",0.32071679283207166,1.0
pkis2_gt90_scaffold,bounded_minus_marginal,PKIS2,BOUNDED_COVERAGE - ORIGINAL_MARGINAL,audc_1_20,640,0.012656249999999997,"[0.004216796874999997, 0.021249999999999998]",0.003169968300316997,0.01901980980190198
pkis2_gt90_scaffold,bounded_minus_marginal,PKIS2,BOUNDED_COVERAGE - ORIGINAL_MARGINAL,hit_at_1,640,0.0,"[0.0, 0.0]",1.0,1.0
pkis2_gt90_scaffold,bounded_minus_marginal,PKIS2,BOUNDED_COVERAGE - ORIGINAL_MARGINAL,hit_at_3,640,0.0453125,"[0.021875, 0.0703125]",0.0002899971000289997,0.0017399826001739981
pkis2_gt90_scaffold,bounded_minus_marginal,PKIS2,BOUNDED_COVERAGE - ORIGINAL_MARGINAL,hit_at_5,640,0.0140625,"[-0.00625, 0.034375]",0.23367766322336778,0.8926410735892641
pkis2_gt90_scaffold,bounded_minus_marginal,PKIS2,BOUNDED_COVERAGE - ORIGINAL_MARGINAL,hit_at_10,640,-0.0046875,"[-0.0203125, 0.0109375]",0.7016429835701643,1.0
pkis2_gt90_scaffold,bounded_minus_marginal,PKIS2,BOUNDED_COVERAGE - ORIGINAL_MARGINAL,hit_at_20,640,0.015625,"[0.00625, 0.0265625]",0.001839981600183998,0.012879871201287987
pkis2_gt90_scaffold,bounded_minus_unbounded,PKIS2,BOUNDED_COVERAGE - ORIGINAL_COVERAGE,audc_1_20,640,0.01515625,"[0.0005468749999999988, 0.03]",0.04518954810451895,0.2711372886271137
pkis2_gt90_scaffold,bounded_minus_unbounded,PKIS2,BOUNDED_COVERAGE - ORIGINAL_COVERAGE,hit_at_1,640,0.0,"[0.0, 0.0]",1.0,1.0
pkis2_gt90_scaffold,bounded_minus_unbounded,PKIS2,BOUNDED_COVERAGE - ORIGINAL_COVERAGE,hit_at_3,640,0.0,"[-0.009375, 0.009375]",1.0,1.0
pkis2_gt90_scaffold,bounded_minus_unbounded,PKIS2,BOUNDED_COVERAGE - ORIGINAL_COVERAGE,hit_at_5,640,0.015625,"[0.0, 0.03125]",0.07398926010739892,0.44393556064439355
pkis2_gt90_scaffold,bounded_minus_unbounded,PKIS2,BOUNDED_COVERAGE - ORIGINAL_COVERAGE,hit_at_10,640,0.015625,"[-0.00625, 0.0359375]",0.1948080519194808,0.974040259597404
pkis2_gt90_scaffold,bounded_minus_unbounded,PKIS2,BOUNDED_COVERAGE - ORIGINAL_COVERAGE,hit_at_20,640,0.0171875,"[-0.00625, 0.0421875]",0.21422785772142278,1.0
pkis2_gt90_standard,bounded_minus_marginal,PKIS2,BOUNDED_COVERAGE - ORIGINAL_MARGINAL,audc_1_20,640,0.006796874999999999,"[-0.001328125000000001, 0.014687499999999997]",0.1022889771102289,0.2632173678263217
pkis2_gt90_standard,bounded_minus_marginal,PKIS2,BOUNDED_COVERAGE - ORIGINAL_MARGINAL,hit_at_1,640,0.0,"[0.0, 0.0]",1.0,1.0
pkis2_gt90_standard,bounded_minus_marginal,PKIS2,BOUNDED_COVERAGE - ORIGINAL_MARGINAL,hit_at_3,640,0.01875,"[0.0, 0.0375]",0.08689913100868991,0.43449565504344956
pkis2_gt90_standard,bounded_minus_marginal,PKIS2,BOUNDED_COVERAGE - ORIGINAL_MARGINAL,hit_at_5,640,0.009375,"[-0.009375, 0.028125]",0.4057659423405766,0.8926410735892641
pkis2_gt90_standard,bounded_minus_marginal,PKIS2,BOUNDED_COVERAGE - ORIGINAL_MARGINAL,hit_at_10,640,-0.003125,"[-0.01875, 0.0125]",0.8457915420845792,1.0
pkis2_gt90_standard,bounded_minus_marginal,PKIS2,BOUNDED_COVERAGE - ORIGINAL_MARGINAL,hit_at_20,640,0.0078125,"[0.0, 0.0171875]",0.12415875841241587,0.7449525504744953
pkis2_gt90_standard,bounded_minus_unbounded,PKIS2,BOUNDED_COVERAGE - ORIGINAL_COVERAGE,audc_1_20,640,0.021406249999999998,"[0.008125, 0.034765625]",0.0017099829001709984,0.011969880301196988
pkis2_gt90_standard,bounded_minus_unbounded,PKIS2,BOUNDED_COVERAGE - ORIGINAL_COVERAGE,hit_at_1,640,0.0,"[0.0, 0.0]",1.0,1.0
pkis2_gt90_standard,bounded_minus_unbounded,PKIS2,BOUNDED_COVERAGE - ORIGINAL_COVERAGE,hit_at_3,640,0.0078125,"[-0.0015625, 0.01875]",0.22952770472295278,1.0
pkis2_gt90_standard,bounded_minus_unbounded,PKIS2,BOUNDED_COVERAGE - ORIGINAL_COVERAGE,hit_at_5,640,0.0203125,"[0.0078125, 0.0328125]",0.0024699753002469975,0.01975980240197598
pkis2_gt90_standard,bounded_minus_unbounded,PKIS2,BOUNDED_COVERAGE - ORIGINAL_COVERAGE,hit_at_10,640,0.0234375,"[0.0046875, 0.04375]",0.02706972930270697,0.1894881051189488
pkis2_gt90_standard,bounded_minus_unbounded,PKIS2,BOUNDED_COVERAGE - ORIGINAL_COVERAGE,hit_at_20,640,0.028125,"[0.00625, 0.05]",0.013529864701352987,0.0947090529094709
