condition,comparison_name,dataset,comparison,n,estimate,ci95,permutation_p_two_sided,mean_assays_earlier,wins,losses,ties,large_advance_ge_10,large_delay_ge_10
klaeger_delta_0_5,original_coverage_minus_original_marginal,KLAEGER_CHEMBL30,ORIGINAL_COVERAGE - ORIGINAL_MARGINAL,111,0.022972972972972974,"[-0.008558558558558554, 0.05630630630630631]",0.17802821971780283,0.4594594594594595,16,11,84,2,1
klaeger_delta_0_5,bounded_coverage_minus_original_marginal,KLAEGER_CHEMBL30,BOUNDED_COVERAGE - ORIGINAL_MARGINAL,111,0.018018018018018014,"[-0.0013513513513513536, 0.039189189189189184]",0.08701912980870191,0.36036036036036034,15,7,89,0,0
klaeger_delta_0_5,risk_controlled_minus_original_marginal,KLAEGER_CHEMBL30,RISK_CONTROLLED_COVERAGE - ORIGINAL_MARGINAL,111,0.001801801801801801,"[-0.006306306306306306, 0.009909909909909908]",1.0,0.036036036036036036,2,1,108,0,0
klaeger_delta_0_5,risk_controlled_minus_original_coverage,KLAEGER_CHEMBL30,RISK_CONTROLLED_COVERAGE - ORIGINAL_COVERAGE,111,-0.021171171171171174,"[-0.05405405405405406, 0.010810810810810804]",0.2215677843221568,-0.42342342342342343,12,15,84,2,2
klaeger_leave10_nearest,original_coverage_minus_original_marginal,KLAEGER_CHEMBL30,ORIGINAL_COVERAGE - ORIGINAL_MARGINAL,111,0.022972972972972967,"[-0.004054054054054054, 0.04909909909909909]",0.1033189668103319,0.4594594594594595,22,6,83,0,2
klaeger_leave10_nearest,bounded_coverage_minus_original_marginal,KLAEGER_CHEMBL30,BOUNDED_COVERAGE - ORIGINAL_MARGINAL,111,0.04009009009009008,"[0.021171171171171174, 0.0608108108108108]",1.999980000199998e-05,0.8018018018018018,24,4,83,0,0
klaeger_leave10_nearest,risk_controlled_minus_original_marginal,KLAEGER_CHEMBL30,RISK_CONTROLLED_COVERAGE - ORIGINAL_MARGINAL,111,0.026576576576576576,"[0.011261261261261259, 0.04369369369369369]",0.0012599874001259987,0.5315315315315315,18,4,89,0,0
klaeger_leave10_nearest,risk_controlled_minus_original_coverage,KLAEGER_CHEMBL30,RISK_CONTROLLED_COVERAGE - ORIGINAL_COVERAGE,111,0.003603603603603603,"[-0.01756756756756757, 0.02612612612612613]",0.7885421145788543,0.07207207207207207,6,7,98,1,0
klaeger_primary_standard,original_coverage_minus_original_marginal,KLAEGER_CHEMBL30,ORIGINAL_COVERAGE - ORIGINAL_MARGINAL,111,0.0009009009009009022,"[-0.02747747747747747, 0.027477477477477474]",0.9739102608973911,0.018018018018018018,19,13,79,1,2
klaeger_primary_standard,bounded_coverage_minus_original_marginal,KLAEGER_CHEMBL30,BOUNDED_COVERAGE - ORIGINAL_MARGINAL,111,0.013063063063063056,"[0.00045045045045044786, 0.02567567567567567]",0.05300946990530095,0.26126126126126126,19,10,82,0,0
klaeger_primary_standard,risk_controlled_minus_original_marginal,KLAEGER_CHEMBL30,RISK_CONTROLLED_COVERAGE - ORIGINAL_MARGINAL,111,0.007207207207207207,"[0.0013513513513513516, 0.014414414414414413]",0.06320936790632094,0.14414414414414414,5,0,106,0,0
klaeger_primary_standard,risk_controlled_minus_original_coverage,KLAEGER_CHEMBL30,RISK_CONTROLLED_COVERAGE - ORIGINAL_COVERAGE,111,0.006306306306306305,"[-0.01981981981981982, 0.032432432432432434]",0.6817731822681773,0.12612612612612611,14,14,83,2,1
klaeger_scaffold_exclusion,original_coverage_minus_original_marginal,KLAEGER_CHEMBL30,ORIGINAL_COVERAGE - ORIGINAL_MARGINAL,111,0.001351351351351353,"[-0.02568693693693693, 0.02792792792792792]",0.9495405045949541,0.02702702702702703,19,13,79,1,2
klaeger_scaffold_exclusion,bounded_coverage_minus_original_marginal,KLAEGER_CHEMBL30,BOUNDED_COVERAGE - ORIGINAL_MARGINAL,111,0.013513513513513506,"[0.00045045045045045084, 0.026126126126126123]",0.04630953690463095,0.2702702702702703,19,10,82,0,0
klaeger_scaffold_exclusion,risk_controlled_minus_original_marginal,KLAEGER_CHEMBL30,RISK_CONTROLLED_COVERAGE - ORIGINAL_MARGINAL,111,0.007207207207207207,"[0.0013513513513513516, 0.013963963963963967]",0.06342936570634293,0.14414414414414414,5,0,106,0,0
klaeger_scaffold_exclusion,risk_controlled_minus_original_coverage,KLAEGER_CHEMBL30,RISK_CONTROLLED_COVERAGE - ORIGINAL_COVERAGE,111,0.005855855855855854,"[-0.02027027027027027, 0.03288288288288288]",0.7015929840701594,0.11711711711711711,14,14,83,2,1
pkis2_gt80_sensitivity,original_coverage_minus_original_marginal,PKIS2,ORIGINAL_COVERAGE - ORIGINAL_MARGINAL,640,-0.026796875000000005,"[-0.043828124999999996, -0.010076171875000027]",0.0015799842001579985,-0.5359375,57,69,514,12,35
pkis2_gt80_sensitivity,bounded_coverage_minus_original_marginal,PKIS2,BOUNDED_COVERAGE - ORIGINAL_MARGINAL,640,0.0006249999999999999,"[-0.007578125, 0.0084375]",0.8953710462895371,0.0125,64,44,532,0,0
pkis2_gt80_sensitivity,risk_controlled_minus_original_marginal,PKIS2,RISK_CONTROLLED_COVERAGE - ORIGINAL_MARGINAL,640,0.001953125,"[-0.0007031249999999994, 0.0046875]",0.17474825251747483,0.0390625,14,4,622,0,0
pkis2_gt80_sensitivity,risk_controlled_minus_original_coverage,PKIS2,RISK_CONTROLLED_COVERAGE - ORIGINAL_COVERAGE,640,0.028750000000000005,"[0.012421875, 0.0453125]",0.0005299947000529995,0.575,71,51,518,36,11
pkis2_gt90_chemotype,original_coverage_minus_original_marginal,PKIS2,ORIGINAL_COVERAGE - ORIGINAL_MARGINAL,640,0.053671874999999994,"[0.033904296874999997, 0.07359374999999999]",9.99990000099999e-06,1.0734375,187,48,405,55,25
pkis2_gt90_chemotype,bounded_coverage_minus_original_marginal,PKIS2,BOUNDED_COVERAGE - ORIGINAL_MARGINAL,640,0.04328124999999999,"[0.032109374999999996, 0.05453124999999999]",9.99990000099999e-06,0.865625,168,31,441,0,0
pkis2_gt90_chemotype,risk_controlled_minus_original_marginal,PKIS2,RISK_CONTROLLED_COVERAGE - ORIGINAL_MARGINAL,640,0.032265625,"[0.021953124999999997, 0.042812499999999996]",9.99990000099999e-06,0.6453125,127,27,486,0,0
pkis2_gt90_chemotype,risk_controlled_minus_original_coverage,PKIS2,RISK_CONTROLLED_COVERAGE - ORIGINAL_COVERAGE,640,-0.021406249999999995,"[-0.037734375, -0.005546874999999998]",0.00985990140098599,-0.428125,69,110,461,19,32
pkis2_gt90_scaffold,original_coverage_minus_original_marginal,PKIS2,ORIGINAL_COVERAGE - ORIGINAL_MARGINAL,640,-0.002500000000000001,"[-0.020548828125, 0.015080078124999969]",0.7913820861791382,-0.05,113,64,463,23,32
pkis2_gt90_scaffold,bounded_coverage_minus_original_marginal,PKIS2,BOUNDED_COVERAGE - ORIGINAL_MARGINAL,640,0.012656249999999997,"[0.004296874999999997, 0.021015624999999993]",0.0033099669003309965,0.253125,106,46,488,0,0
pkis2_gt90_scaffold,risk_controlled_minus_original_marginal,PKIS2,RISK_CONTROLLED_COVERAGE - ORIGINAL_MARGINAL,640,0.006796874999999999,"[0.002421874999999999, 0.011484375]",0.0023799762002379974,0.1359375,38,8,594,0,0
pkis2_gt90_scaffold,risk_controlled_minus_original_coverage,PKIS2,RISK_CONTROLLED_COVERAGE - ORIGINAL_COVERAGE,640,0.009296875000000001,"[-0.007421874999999997, 0.026484375000000004]",0.2888971110288897,0.1859375,72,91,477,31,19
pkis2_gt90_standard,original_coverage_minus_original_marginal,PKIS2,ORIGINAL_COVERAGE - ORIGINAL_MARGINAL,640,-0.014609375000000003,"[-0.030781250000000003, 0.0010957031249999721]",0.07412925870741292,-0.2921875,73,65,502,14,29
pkis2_gt90_standard,bounded_coverage_minus_original_marginal,PKIS2,BOUNDED_COVERAGE - ORIGINAL_MARGINAL,640,0.006796874999999999,"[-0.0010937500000000005, 0.014765625]",0.1013089869101309,0.1359375,75,43,522,0,0
pkis2_gt90_standard,risk_controlled_minus_original_marginal,PKIS2,RISK_CONTROLLED_COVERAGE - ORIGINAL_MARGINAL,640,0.00234375,"[-0.001015625, 0.005937499999999999]",0.2022579774202258,0.046875,16,5,619,0,0
pkis2_gt90_standard,risk_controlled_minus_original_coverage,PKIS2,RISK_CONTROLLED_COVERAGE - ORIGINAL_COVERAGE,640,0.016953125,"[0.0014062500000000012, 0.032734375]",0.03272967270327297,0.3390625,68,64,508,29,12
