condition,comparison,n,estimate,ci95,permutation_p_two_sided,mean_assays_earlier,wins,losses,ties,large_advance_ge_10,large_delay_ge_10,ci95_low,ci95_high,p_holm_18_bounded_conditions
construct__gt80__nearest10,bounded_minus_marginal,356,-0.0033707865168539305,"[-0.015172050561797752, 0.008848314606741573]",0.5923440765592344,-0.06741573033707865,39,43,274,0,0,-0.015172050561797752,0.008848314606741573,1.0
construct__gt80__nearest10,unbounded_minus_marginal,356,-0.015168539325842698,"[-0.03497191011235955, 0.0037956460674156804]",0.12413875861241387,-0.30337078651685395,34,50,272,9,10,-0.03497191011235955,0.0037956460674156804,
construct__gt80__scaffold,bounded_minus_marginal,356,-0.007022471910112359,"[-0.015168539325842693, 0.0007022471910112351]",0.08256917430825692,-0.1404494382022472,13,25,318,0,0,-0.015168539325842693,0.0007022471910112351,0.8256917430825692
construct__gt80__scaffold,unbounded_minus_marginal,356,-0.028932584269662925,"[-0.0452247191011236, -0.014185393258426968]",0.00011999880001199988,-0.5786516853932584,11,28,317,0,11,-0.0452247191011236,-0.014185393258426968,
construct__gt80__standard,bounded_minus_marginal,356,-0.013202247191011233,"[-0.02219101123595505, -0.0049157303370786515]",0.002059979400205998,-0.2640449438202247,5,25,326,0,0,-0.02219101123595505,-0.0049157303370786515,0.030899691003089973
construct__gt80__standard,unbounded_minus_marginal,356,-0.04002808988764044,"[-0.05870786516853932, -0.022893258426966292]",9.99990000099999e-06,-0.800561797752809,3,28,325,0,15,-0.05870786516853932,-0.022893258426966292,
construct__gt90__nearest10,bounded_minus_marginal,356,-0.0014044943820224695,"[-0.013623595505617977, 0.011095505617977529]",0.8436215637843621,-0.028089887640449437,25,34,297,0,0,-0.013623595505617977,0.011095505617977529,1.0
construct__gt90__nearest10,unbounded_minus_marginal,356,-0.0030898876404494373,"[-0.021910112359550562, 0.01558988764044944]",0.7605423945760542,-0.06179775280898876,32,35,289,8,12,-0.021910112359550562,0.01558988764044944,
construct__gt90__scaffold,bounded_minus_marginal,356,-0.007724719101123594,"[-0.017840589887640444, 0.0021067415730337087]",0.13929860701392985,-0.1544943820224719,13,19,324,0,0,-0.017840589887640444,0.0021067415730337087,1.0
construct__gt90__scaffold,unbounded_minus_marginal,356,-0.013342696629213481,"[-0.03019662921348314, 0.0025280898876404493]",0.11239887601123989,-0.26685393258426965,14,20,322,5,8,-0.03019662921348314,0.0025280898876404493,
construct__gt90__standard,bounded_minus_marginal,356,-0.008988764044943818,"[-0.018679775280898873, 3.5112359550071947e-06]",0.06497935020649794,-0.1797752808988764,12,18,326,0,0,-0.018679775280898873,3.5112359550071947e-06,0.7147728522714772
construct__gt90__standard,unbounded_minus_marginal,356,-0.017134831460674158,"[-0.03314606741573033, -0.0025280898876404484]",0.027029729702702975,-0.34269662921348315,12,20,324,2,8,-0.03314606741573033,-0.0025280898876404484,
parent__gt50__nearest10,bounded_minus_marginal,356,0.028089887640449437,"[0.011095505617977529, 0.0449473314606741]",0.0008799912000879991,0.5617977528089888,69,35,252,0,0,0.011095505617977529,0.0449473314606741,0.014079859201407986
parent__gt50__nearest10,unbounded_minus_marginal,356,0.038904494382022474,"[0.014884129213483146, 0.06320224719101124]",0.0013999860001399987,0.7780898876404494,61,45,250,27,7,0.014884129213483146,0.06320224719101124,
parent__gt50__scaffold,bounded_minus_marginal,356,-0.0056179775280898875,"[-0.016713483146067413, 0.0057584269662921345]",0.33755662443375567,-0.11235955056179775,23,34,299,0,0,-0.016713483146067413,0.0057584269662921345,1.0
parent__gt50__scaffold,unbounded_minus_marginal,356,-0.021067415730337078,"[-0.04143258426966292, -0.0008426966292134845]",0.043789562104378954,-0.42134831460674155,21,44,291,10,10,-0.04143258426966292,-0.0008426966292134845,
parent__gt50__standard,bounded_minus_marginal,356,-0.0064606741573033704,"[-0.011516853932584269, -0.0021067415730337074]",0.006799932000679993,-0.12921348314606743,6,16,334,0,0,-0.011516853932584269,-0.0021067415730337074,0.08839911600883991
parent__gt50__standard,unbounded_minus_marginal,356,-0.029915730337078648,"[-0.04536516853932584, -0.016573033707865163]",9.99990000099999e-06,-0.598314606741573,3,27,326,0,8,-0.04536516853932584,-0.016573033707865163,
parent__gt70__nearest10,bounded_minus_marginal,356,0.02050561797752809,"[0.005895365168539327, 0.0353932584269663]",0.008069919300806992,0.4101123595505618,65,43,248,0,0,0.005895365168539327,0.0353932584269663,0.0968390316096839
parent__gt70__nearest10,unbounded_minus_marginal,356,0.00912921348314607,"[-0.012082162921348314, 0.030477528089887643]",0.3995460045399546,0.18258426966292135,60,52,244,15,9,-0.012082162921348314,0.030477528089887643,
parent__gt70__scaffold,bounded_minus_marginal,356,-0.00842696629213483,"[-0.018539325842696627, 0.0012640449438202264]",0.0991390086099139,-0.16853932584269662,18,29,309,0,0,-0.018539325842696627,0.0012640449438202264,0.892251077489225
parent__gt70__scaffold,unbounded_minus_marginal,356,-0.025561797752808983,"[-0.04311797752808989, -0.009410112359550561]",0.0027199728002719973,-0.5112359550561798,14,31,311,3,10,-0.04311797752808989,-0.009410112359550561,
parent__gt70__standard,bounded_minus_marginal,356,-0.014747191011235955,"[-0.022471910112359546, -0.007865168539325841]",1.999980000199998e-05,-0.2949438202247191,2,22,332,0,0,-0.022471910112359546,-0.007865168539325841,0.00033999660003399966
parent__gt70__standard,unbounded_minus_marginal,356,-0.03103932584269663,"[-0.047191011235955045, -0.01741573033707865]",9.99990000099999e-06,-0.6207865168539326,1,24,331,0,10,-0.047191011235955045,-0.01741573033707865,
parent__gt80__nearest10,bounded_minus_marginal,356,0.0011235955056179772,"[-0.011660814606741574, 0.013767556179775231]",0.8804911950880491,0.02247191011235955,43,38,275,0,0,-0.011660814606741574,0.013767556179775231,1.0
parent__gt80__nearest10,unbounded_minus_marginal,356,-0.01699438202247191,"[-0.03497191011235955, -0.0005617977528089885]",0.05359946400535995,-0.3398876404494382,37,42,277,3,10,-0.03497191011235955,-0.0005617977528089885,
parent__gt80__scaffold,bounded_minus_marginal,356,-0.013202247191011233,"[-0.02247191011235955, -0.0049157303370786515]",0.002989970100298997,-0.2640449438202247,10,20,326,0,0,-0.02247191011235955,-0.0049157303370786515,0.04185958140418596
parent__gt80__scaffold,unbounded_minus_marginal,356,-0.025702247191011232,"[-0.04199438202247191, -0.011657303370786519]",0.0004699953000469995,-0.5140449438202247,9,20,327,0,10,-0.04199438202247191,-0.011657303370786519,
parent__gt80__standard,bounded_minus_marginal,356,-0.020646067415730336,"[-0.030617977528089882, -0.011797752808988761]",9.99990000099999e-06,-0.41292134831460675,4,25,327,0,0,-0.030617977528089882,-0.011797752808988761,0.00017999820001799984
parent__gt80__standard,unbounded_minus_marginal,356,-0.03876404494382022,"[-0.05772471910112359, -0.022050561797752808]",9.99990000099999e-06,-0.7752808988764045,3,27,326,0,14,-0.05772471910112359,-0.022050561797752808,
parent__gt90__nearest10,bounded_minus_marginal,356,-0.0032303370786516865,"[-0.014325842696629213, 0.00786516853932584]",0.5890941090589095,-0.06460674157303371,42,29,285,0,0,-0.014325842696629213,0.00786516853932584,1.0
parent__gt90__nearest10,unbounded_minus_marginal,356,-0.010393258426966295,"[-0.027949438202247188, 0.006179775280898873]",0.23824761752382476,-0.20786516853932585,41,30,285,3,11,-0.027949438202247188,0.006179775280898873,
parent__gt90__scaffold,bounded_minus_marginal,356,-0.0019662921348314595,"[-0.010674157303370785, 0.0064606741573033704]",0.6743032569674303,-0.03932584269662921,13,16,327,0,0,-0.010674157303370785,0.0064606741573033704,1.0
parent__gt90__scaffold,unbounded_minus_marginal,356,-0.007162921348314606,"[-0.020084269662921348, 0.004353932584269663]",0.27894721052789473,-0.14325842696629212,13,15,328,1,5,-0.020084269662921348,0.004353932584269663,
parent__gt90__standard,bounded_minus_marginal,356,-0.0035112359550561784,"[-0.011657303370786515, 0.004353932584269663]",0.40529594704052957,-0.0702247191011236,12,13,331,0,0,-0.011657303370786515,0.004353932584269663,1.0
parent__gt90__standard,unbounded_minus_marginal,356,-0.009691011235955055,"[-0.022752808988764042, 0.0016853932584269652]",0.13093869061309388,-0.19382022471910113,12,13,331,1,5,-0.022752808988764042,0.0016853932584269652,
