condition,comparison,metric,n,estimate,ci95_low,ci95_high
construct__gt80__nearest10,bounded_minus_marginal,audc_1_20,356,-0.0033707865168539305,-0.015028089887640449,0.008426966292134833
construct__gt80__nearest10,bounded_minus_marginal,hit_at_1,356,0.0028089887640449437,0.0,0.008426966292134831
construct__gt80__nearest10,bounded_minus_marginal,hit_at_3,356,-0.03089887640449438,-0.06179775280898876,-0.0028089887640449437
construct__gt80__nearest10,bounded_minus_marginal,hit_at_5,356,-0.028089887640449437,-0.05337078651685393,-0.0028089887640449437
construct__gt80__nearest10,bounded_minus_marginal,hit_at_10,356,0.0028089887640449437,-0.02247191011235955,0.025280898876404494
construct__gt80__nearest10,bounded_minus_marginal,hit_at_20,356,0.019662921348314606,0.0056179775280898875,0.03651685393258427
construct__gt80__nearest10,unbounded_minus_marginal,audc_1_20,356,-0.015168539325842698,-0.03412921348314607,0.0033742977528089407
construct__gt80__nearest10,unbounded_minus_marginal,hit_at_1,356,0.0028089887640449437,0.0,0.008426966292134831
construct__gt80__nearest10,unbounded_minus_marginal,hit_at_3,356,-0.0449438202247191,-0.07865168539325842,-0.011235955056179775
construct__gt80__nearest10,unbounded_minus_marginal,hit_at_5,356,-0.056179775280898875,-0.0898876404494382,-0.025280898876404494
construct__gt80__nearest10,unbounded_minus_marginal,hit_at_10,356,-0.011235955056179775,-0.03932584269662921,0.016853932584269662
construct__gt80__nearest10,unbounded_minus_marginal,hit_at_20,356,0.0,-0.02247191011235955,0.02247191011235955
construct__gt80__scaffold,bounded_minus_marginal,audc_1_20,356,-0.007022471910112359,-0.015028089887640449,0.0005617977528089889
construct__gt80__scaffold,bounded_minus_marginal,hit_at_1,356,0.0,0.0,0.0
construct__gt80__scaffold,bounded_minus_marginal,hit_at_3,356,-0.016853932584269662,-0.03651685393258427,0.0028089887640449437
construct__gt80__scaffold,bounded_minus_marginal,hit_at_5,356,-0.019662921348314606,-0.03932584269662921,-0.0028089887640449437
construct__gt80__scaffold,bounded_minus_marginal,hit_at_10,356,0.0,-0.014044943820224719,0.014044943820224719
construct__gt80__scaffold,bounded_minus_marginal,hit_at_20,356,0.0,-0.008426966292134831,0.008426966292134831
construct__gt80__scaffold,unbounded_minus_marginal,audc_1_20,356,-0.028932584269662925,-0.04564606741573034,-0.014325842696629213
construct__gt80__scaffold,unbounded_minus_marginal,hit_at_1,356,0.0,0.0,0.0
construct__gt80__scaffold,unbounded_minus_marginal,hit_at_3,356,-0.02247191011235955,-0.0449438202247191,-0.0028089887640449437
construct__gt80__scaffold,unbounded_minus_marginal,hit_at_5,356,-0.03932584269662921,-0.06179775280898876,-0.016853932584269662
construct__gt80__scaffold,unbounded_minus_marginal,hit_at_10,356,-0.028089887640449437,-0.047752808988764044,-0.014044943820224719
construct__gt80__scaffold,unbounded_minus_marginal,hit_at_20,356,-0.03089887640449438,-0.05056179775280899,-0.014044943820224719
construct__gt80__standard,bounded_minus_marginal,audc_1_20,356,-0.013202247191011233,-0.021913623595505614,-0.004915730337078651
construct__gt80__standard,bounded_minus_marginal,hit_at_1,356,0.0,0.0,0.0
construct__gt80__standard,bounded_minus_marginal,hit_at_3,356,-0.025280898876404494,-0.047752808988764044,-0.0056179775280898875
construct__gt80__standard,bounded_minus_marginal,hit_at_5,356,-0.033707865168539325,-0.056179775280898875,-0.014044943820224719
construct__gt80__standard,bounded_minus_marginal,hit_at_10,356,-0.014044943820224719,-0.028089887640449437,0.0
construct__gt80__standard,bounded_minus_marginal,hit_at_20,356,0.0,-0.008426966292134831,0.008426966292134831
construct__gt80__standard,unbounded_minus_marginal,audc_1_20,356,-0.04002808988764044,-0.05912921348314606,-0.023033707865168538
construct__gt80__standard,unbounded_minus_marginal,hit_at_1,356,0.0,0.0,0.0
construct__gt80__standard,unbounded_minus_marginal,hit_at_3,356,-0.033707865168539325,-0.056179775280898875,-0.014044943820224719
construct__gt80__standard,unbounded_minus_marginal,hit_at_5,356,-0.05056179775280899,-0.07584269662921349,-0.03089887640449438
construct__gt80__standard,unbounded_minus_marginal,hit_at_10,356,-0.0449438202247191,-0.06741573033707865,-0.025280898876404494
construct__gt80__standard,unbounded_minus_marginal,hit_at_20,356,-0.03651685393258427,-0.056179775280898875,-0.019662921348314606
construct__gt90__nearest10,bounded_minus_marginal,audc_1_20,356,-0.0014044943820224695,-0.01362710674157303,0.010955056179775283
construct__gt90__nearest10,bounded_minus_marginal,hit_at_1,356,0.0,0.0,0.0
construct__gt90__nearest10,bounded_minus_marginal,hit_at_3,356,-0.025280898876404494,-0.0449438202247191,-0.0056179775280898875
construct__gt90__nearest10,bounded_minus_marginal,hit_at_5,356,-0.016853932584269662,-0.033707865168539325,0.0
construct__gt90__nearest10,bounded_minus_marginal,hit_at_10,356,0.0,-0.025280898876404494,0.025280898876404494
construct__gt90__nearest10,bounded_minus_marginal,hit_at_20,356,0.0028089887640449437,-0.008426966292134831,0.01411516853932482
construct__gt90__nearest10,unbounded_minus_marginal,audc_1_20,356,-0.0030898876404494373,-0.02219101123595505,0.01558988764044944
construct__gt90__nearest10,unbounded_minus_marginal,hit_at_1,356,0.0,0.0,0.0
construct__gt90__nearest10,unbounded_minus_marginal,hit_at_3,356,-0.028089887640449437,-0.047752808988764044,-0.008426966292134831
construct__gt90__nearest10,unbounded_minus_marginal,hit_at_5,356,-0.014044943820224719,-0.03651685393258427,0.0056179775280898875
construct__gt90__nearest10,unbounded_minus_marginal,hit_at_10,356,0.0,-0.028089887640449437,0.028089887640449437
construct__gt90__nearest10,unbounded_minus_marginal,hit_at_20,356,-0.014044943820224719,-0.042134831460674156,0.011235955056179775
construct__gt90__scaffold,bounded_minus_marginal,audc_1_20,356,-0.007724719101123594,-0.017696629213483143,0.0022471910112359557
construct__gt90__scaffold,bounded_minus_marginal,hit_at_1,356,0.0,0.0,0.0
construct__gt90__scaffold,bounded_minus_marginal,hit_at_3,356,-0.019662921348314606,-0.042134831460674156,0.0
construct__gt90__scaffold,bounded_minus_marginal,hit_at_5,356,-0.028089887640449437,-0.047752808988764044,-0.008426966292134831
construct__gt90__scaffold,bounded_minus_marginal,hit_at_10,356,-0.019662921348314606,-0.03932584269662921,-0.0028089887640449437
construct__gt90__scaffold,bounded_minus_marginal,hit_at_20,356,0.0056179775280898875,-0.008426966292134831,0.019662921348314606
construct__gt90__scaffold,unbounded_minus_marginal,audc_1_20,356,-0.013342696629213481,-0.029775280898876405,0.002106741573033709
construct__gt90__scaffold,unbounded_minus_marginal,hit_at_1,356,0.0,0.0,0.0
construct__gt90__scaffold,unbounded_minus_marginal,hit_at_3,356,-0.025280898876404494,-0.047752808988764044,-0.0056179775280898875
construct__gt90__scaffold,unbounded_minus_marginal,hit_at_5,356,-0.03651685393258427,-0.05898876404494382,-0.016853932584269662
construct__gt90__scaffold,unbounded_minus_marginal,hit_at_10,356,-0.008426966292134831,-0.03089887640449438,0.014044943820224719
construct__gt90__scaffold,unbounded_minus_marginal,hit_at_20,356,-0.011235955056179775,-0.03089887640449438,0.008426966292134831
construct__gt90__standard,bounded_minus_marginal,audc_1_20,356,-0.008988764044943818,-0.01839887640449438,1.8789589110579114e-18
construct__gt90__standard,bounded_minus_marginal,hit_at_1,356,0.0028089887640449437,0.0,0.008426966292134831
construct__gt90__standard,bounded_minus_marginal,hit_at_3,356,-0.025280898876404494,-0.047752808988764044,-0.0056179775280898875
construct__gt90__standard,bounded_minus_marginal,hit_at_5,356,-0.025280898876404494,-0.047752808988764044,-0.0056179775280898875
construct__gt90__standard,bounded_minus_marginal,hit_at_10,356,-0.019662921348314606,-0.03932584269662921,-0.0028089887640449437
construct__gt90__standard,bounded_minus_marginal,hit_at_20,356,0.0056179775280898875,-0.0056179775280898875,0.016853932584269662
construct__gt90__standard,unbounded_minus_marginal,audc_1_20,356,-0.017134831460674158,-0.03286516853932584,-0.0026685393258426954
construct__gt90__standard,unbounded_minus_marginal,hit_at_1,356,0.0028089887640449437,0.0,0.008426966292134831
construct__gt90__standard,unbounded_minus_marginal,hit_at_3,356,-0.03089887640449438,-0.05337078651685393,-0.011235955056179775
construct__gt90__standard,unbounded_minus_marginal,hit_at_5,356,-0.03651685393258427,-0.05898876404494382,-0.014044943820224719
construct__gt90__standard,unbounded_minus_marginal,hit_at_10,356,-0.014044943820224719,-0.033707865168539325,0.0056179775280898875
construct__gt90__standard,unbounded_minus_marginal,hit_at_20,356,-0.011235955056179775,-0.03089887640449438,0.008426966292134831
parent__gt50__nearest10,bounded_minus_marginal,audc_1_20,356,0.028089887640449437,0.011797752808988761,0.044803370786516854
parent__gt50__nearest10,bounded_minus_marginal,hit_at_1,356,0.0,0.0,0.0
parent__gt50__nearest10,bounded_minus_marginal,hit_at_3,356,0.008426966292134831,-0.02247191011235955,0.03932584269662921
parent__gt50__nearest10,bounded_minus_marginal,hit_at_5,356,0.03089887640449438,-0.0028089887640449437,0.06460674157303371
parent__gt50__nearest10,bounded_minus_marginal,hit_at_10,356,0.019662921348314606,-0.008426966292134831,0.05056179775280899
parent__gt50__nearest10,bounded_minus_marginal,hit_at_20,356,0.014044943820224719,-0.0028089887640449437,0.033707865168539325
parent__gt50__nearest10,unbounded_minus_marginal,audc_1_20,356,0.038904494382022474,0.015308988764044946,0.06320224719101124
parent__gt50__nearest10,unbounded_minus_marginal,hit_at_1,356,0.0,0.0,0.0
parent__gt50__nearest10,unbounded_minus_marginal,hit_at_3,356,0.014044943820224719,-0.019662921348314606,0.047752808988764044
parent__gt50__nearest10,unbounded_minus_marginal,hit_at_5,356,0.08146067415730338,0.042134831460674156,0.12078651685393259
parent__gt50__nearest10,unbounded_minus_marginal,hit_at_10,356,0.047752808988764044,0.014044943820224719,0.08426966292134831
parent__gt50__nearest10,unbounded_minus_marginal,hit_at_20,356,-0.011235955056179775,-0.03651685393258427,0.014044943820224719
parent__gt50__scaffold,bounded_minus_marginal,audc_1_20,356,-0.0056179775280898875,-0.01699438202247191,0.005761938202247143
parent__gt50__scaffold,bounded_minus_marginal,hit_at_1,356,0.0028089887640449437,0.0,0.008426966292134831
parent__gt50__scaffold,bounded_minus_marginal,hit_at_3,356,-0.008426966292134831,-0.033707865168539325,0.016853932584269662
parent__gt50__scaffold,bounded_minus_marginal,hit_at_5,356,-0.028089887640449437,-0.05337078651685393,-0.0056179775280898875
parent__gt50__scaffold,bounded_minus_marginal,hit_at_10,356,0.0,-0.016853932584269662,0.016853932584269662
parent__gt50__scaffold,bounded_minus_marginal,hit_at_20,356,-0.0056179775280898875,-0.019662921348314606,0.008426966292134831
parent__gt50__scaffold,unbounded_minus_marginal,audc_1_20,356,-0.021067415730337078,-0.04157303370786517,-0.000842696629213482
parent__gt50__scaffold,unbounded_minus_marginal,hit_at_1,356,0.0028089887640449437,0.0,0.008426966292134831
parent__gt50__scaffold,unbounded_minus_marginal,hit_at_3,356,-0.03651685393258427,-0.06741573033707865,-0.008426966292134831
parent__gt50__scaffold,unbounded_minus_marginal,hit_at_5,356,-0.03651685393258427,-0.06748595505617971,-0.0056179775280898875
parent__gt50__scaffold,unbounded_minus_marginal,hit_at_10,356,-0.008426966292134831,-0.03651685393258427,0.019662921348314606
parent__gt50__scaffold,unbounded_minus_marginal,hit_at_20,356,-0.033707865168539325,-0.056179775280898875,-0.014044943820224719
parent__gt50__standard,bounded_minus_marginal,audc_1_20,356,-0.0064606741573033704,-0.011516853932584266,-0.001966292134831461
parent__gt50__standard,bounded_minus_marginal,hit_at_1,356,0.0028089887640449437,0.0,0.008426966292134831
parent__gt50__standard,bounded_minus_marginal,hit_at_3,356,-0.011235955056179775,-0.028089887640449437,0.0028089887640449437
parent__gt50__standard,bounded_minus_marginal,hit_at_5,356,-0.016853932584269662,-0.03651685393258427,0.0
parent__gt50__standard,bounded_minus_marginal,hit_at_10,356,-0.0028089887640449437,-0.008426966292134831,0.0
parent__gt50__standard,bounded_minus_marginal,hit_at_20,356,-0.0028089887640449437,-0.008426966292134831,0.0
parent__gt50__standard,unbounded_minus_marginal,audc_1_20,356,-0.029915730337078648,-0.04564606741573034,-0.016292134831460674
parent__gt50__standard,unbounded_minus_marginal,hit_at_1,356,0.0028089887640449437,0.0,0.008426966292134831
parent__gt50__standard,unbounded_minus_marginal,hit_at_3,356,-0.03932584269662921,-0.06460674157303371,-0.016853932584269662
parent__gt50__standard,unbounded_minus_marginal,hit_at_5,356,-0.03932584269662921,-0.06179775280898876,-0.019662921348314606
parent__gt50__standard,unbounded_minus_marginal,hit_at_10,356,-0.025280898876404494,-0.042134831460674156,-0.011235955056179775
parent__gt50__standard,unbounded_minus_marginal,hit_at_20,356,-0.028089887640449437,-0.047752808988764044,-0.011235955056179775
parent__gt70__nearest10,bounded_minus_marginal,audc_1_20,356,0.02050561797752809,0.005898876404494382,0.03581811797752804
parent__gt70__nearest10,bounded_minus_marginal,hit_at_1,356,0.0,0.0,0.0
parent__gt70__nearest10,bounded_minus_marginal,hit_at_3,356,-0.016853932584269662,-0.047752808988764044,0.011235955056179775
parent__gt70__nearest10,bounded_minus_marginal,hit_at_5,356,0.033707865168539325,0.0056179775280898875,0.06460674157303371
parent__gt70__nearest10,bounded_minus_marginal,hit_at_10,356,0.0449438202247191,0.016853932584269662,0.07584269662921349
parent__gt70__nearest10,bounded_minus_marginal,hit_at_20,356,0.014044943820224719,-0.0056179775280898875,0.033707865168539325
parent__gt70__nearest10,unbounded_minus_marginal,audc_1_20,356,0.00912921348314607,-0.01137640449438202,0.02991573033707865
parent__gt70__nearest10,unbounded_minus_marginal,hit_at_1,356,0.0,0.0,0.0
parent__gt70__nearest10,unbounded_minus_marginal,hit_at_3,356,-0.016853932584269662,-0.047752808988764044,0.014044943820224719
parent__gt70__nearest10,unbounded_minus_marginal,hit_at_5,356,0.02247191011235955,-0.014044943820224719,0.05898876404494382
parent__gt70__nearest10,unbounded_minus_marginal,hit_at_10,356,0.02247191011235955,-0.014044943820224719,0.05898876404494382
parent__gt70__nearest10,unbounded_minus_marginal,hit_at_20,356,-0.008426966292134831,-0.033707865168539325,0.016853932584269662
parent__gt70__scaffold,bounded_minus_marginal,audc_1_20,356,-0.00842696629213483,-0.018258426966292134,0.0015449438202247193
parent__gt70__scaffold,bounded_minus_marginal,hit_at_1,356,0.0,0.0,0.0
parent__gt70__scaffold,bounded_minus_marginal,hit_at_3,356,-0.03651685393258427,-0.06179775280898876,-0.011235955056179775
parent__gt70__scaffold,bounded_minus_marginal,hit_at_5,356,-0.025280898876404494,-0.047752808988764044,-0.0028089887640449437
parent__gt70__scaffold,bounded_minus_marginal,hit_at_10,356,-0.0028089887640449437,-0.019662921348314606,0.014044943820224719
parent__gt70__scaffold,bounded_minus_marginal,hit_at_20,356,0.0056179775280898875,-0.008426966292134831,0.019662921348314606
parent__gt70__scaffold,unbounded_minus_marginal,audc_1_20,356,-0.025561797752808983,-0.04283707865168539,-0.009269662921348313
parent__gt70__scaffold,unbounded_minus_marginal,hit_at_1,356,0.0,0.0,0.0
parent__gt70__scaffold,unbounded_minus_marginal,hit_at_3,356,-0.0449438202247191,-0.07303370786516854,-0.019662921348314606
parent__gt70__scaffold,unbounded_minus_marginal,hit_at_5,356,-0.033707865168539325,-0.06179775280898876,-0.0056179775280898875
parent__gt70__scaffold,unbounded_minus_marginal,hit_at_10,356,-0.025280898876404494,-0.047752808988764044,-0.0028089887640449437
parent__gt70__scaffold,unbounded_minus_marginal,hit_at_20,356,-0.02247191011235955,-0.042134831460674156,-0.0056179775280898875
parent__gt70__standard,bounded_minus_marginal,audc_1_20,356,-0.014747191011235955,-0.022191011235955054,-0.008146067415730335
parent__gt70__standard,bounded_minus_marginal,hit_at_1,356,0.0,0.0,0.0
parent__gt70__standard,bounded_minus_marginal,hit_at_3,356,-0.028089887640449437,-0.047752808988764044,-0.011235955056179775
parent__gt70__standard,bounded_minus_marginal,hit_at_5,356,-0.03932584269662921,-0.06179775280898876,-0.019662921348314606
parent__gt70__standard,bounded_minus_marginal,hit_at_10,356,-0.011235955056179775,-0.02247191011235955,-0.0028089887640449437
parent__gt70__standard,bounded_minus_marginal,hit_at_20,356,-0.0028089887640449437,-0.014044943820224719,0.0056179775280898875
parent__gt70__standard,unbounded_minus_marginal,audc_1_20,356,-0.03103932584269663,-0.047191011235955045,-0.017412219101123644
parent__gt70__standard,unbounded_minus_marginal,hit_at_1,356,0.0,0.0,0.0
parent__gt70__standard,unbounded_minus_marginal,hit_at_3,356,-0.03651685393258427,-0.05898876404494382,-0.016853932584269662
parent__gt70__standard,unbounded_minus_marginal,hit_at_5,356,-0.0449438202247191,-0.06741573033707865,-0.025280898876404494
parent__gt70__standard,unbounded_minus_marginal,hit_at_10,356,-0.033707865168539325,-0.05337078651685393,-0.016853932584269662
parent__gt70__standard,unbounded_minus_marginal,hit_at_20,356,-0.02247191011235955,-0.03932584269662921,-0.0056179775280898875
parent__gt80__nearest10,bounded_minus_marginal,audc_1_20,356,0.0011235955056179772,-0.012078651685393259,0.013764044943820226
parent__gt80__nearest10,bounded_minus_marginal,hit_at_1,356,0.0,0.0,0.0
parent__gt80__nearest10,bounded_minus_marginal,hit_at_3,356,0.02247191011235955,-0.008426966292134831,0.05337078651685393
parent__gt80__nearest10,bounded_minus_marginal,hit_at_5,356,-0.014044943820224719,-0.042134831460674156,0.014044943820224719
parent__gt80__nearest10,bounded_minus_marginal,hit_at_10,356,-0.016853932584269662,-0.042134831460674156,0.0056179775280898875
parent__gt80__nearest10,bounded_minus_marginal,hit_at_20,356,0.014044943820224719,0.0,0.028089887640449437
parent__gt80__nearest10,unbounded_minus_marginal,audc_1_20,356,-0.01699438202247191,-0.03455056179775281,-0.0005617977528089905
parent__gt80__nearest10,unbounded_minus_marginal,hit_at_1,356,0.0,0.0,0.0
parent__gt80__nearest10,unbounded_minus_marginal,hit_at_3,356,0.019662921348314606,-0.011235955056179775,0.05056179775280899
parent__gt80__nearest10,unbounded_minus_marginal,hit_at_5,356,-0.028089887640449437,-0.05898876404494382,0.0028089887640449437
parent__gt80__nearest10,unbounded_minus_marginal,hit_at_10,356,-0.016853932584269662,-0.042134831460674156,0.008426966292134831
parent__gt80__nearest10,unbounded_minus_marginal,hit_at_20,356,-0.019662921348314606,-0.042134831460674156,0.0028089887640449437
parent__gt80__scaffold,bounded_minus_marginal,audc_1_20,356,-0.013202247191011233,-0.022050561797752808,-0.004915730337078651
parent__gt80__scaffold,bounded_minus_marginal,hit_at_1,356,0.0,0.0,0.0
parent__gt80__scaffold,bounded_minus_marginal,hit_at_3,356,-0.011235955056179775,-0.03089887640449438,0.008426966292134831
parent__gt80__scaffold,bounded_minus_marginal,hit_at_5,356,-0.02247191011235955,-0.0449438202247191,0.0
parent__gt80__scaffold,bounded_minus_marginal,hit_at_10,356,-0.02247191011235955,-0.042134831460674156,-0.0056179775280898875
parent__gt80__scaffold,bounded_minus_marginal,hit_at_20,356,0.0,-0.008426966292134831,0.008426966292134831
parent__gt80__scaffold,unbounded_minus_marginal,audc_1_20,356,-0.025702247191011232,-0.042134831460674156,-0.011516853932584269
parent__gt80__scaffold,unbounded_minus_marginal,hit_at_1,356,0.0,0.0,0.0
parent__gt80__scaffold,unbounded_minus_marginal,hit_at_3,356,-0.014044943820224719,-0.03651685393258427,0.0056179775280898875
parent__gt80__scaffold,unbounded_minus_marginal,hit_at_5,356,-0.02247191011235955,-0.04501404494382016,0.0
parent__gt80__scaffold,unbounded_minus_marginal,hit_at_10,356,-0.033707865168539325,-0.05337078651685393,-0.014044943820224719
parent__gt80__scaffold,unbounded_minus_marginal,hit_at_20,356,-0.025280898876404494,-0.0449438202247191,-0.008426966292134831
parent__gt80__standard,bounded_minus_marginal,audc_1_20,356,-0.020646067415730336,-0.030337078651685397,-0.011657303370786515
parent__gt80__standard,bounded_minus_marginal,hit_at_1,356,0.0,0.0,0.0
parent__gt80__standard,bounded_minus_marginal,hit_at_3,356,-0.03651685393258427,-0.05898876404494382,-0.014044943820224719
parent__gt80__standard,bounded_minus_marginal,hit_at_5,356,-0.03932584269662921,-0.06179775280898876,-0.019662921348314606
parent__gt80__standard,bounded_minus_marginal,hit_at_10,356,-0.033707865168539325,-0.05337078651685393,-0.014044943820224719
parent__gt80__standard,bounded_minus_marginal,hit_at_20,356,-0.0028089887640449437,-0.008426966292134831,0.0
parent__gt80__standard,unbounded_minus_marginal,audc_1_20,356,-0.03876404494382022,-0.05730337078651685,-0.02191011235955056
parent__gt80__standard,unbounded_minus_marginal,hit_at_1,356,0.0,0.0,0.0
parent__gt80__standard,unbounded_minus_marginal,hit_at_3,356,-0.042134831460674156,-0.06460674157303371,-0.019662921348314606
parent__gt80__standard,unbounded_minus_marginal,hit_at_5,356,-0.042134831460674156,-0.06460674157303371,-0.019662921348314606
parent__gt80__standard,unbounded_minus_marginal,hit_at_10,356,-0.0449438202247191,-0.06741573033707865,-0.02247191011235955
parent__gt80__standard,unbounded_minus_marginal,hit_at_20,356,-0.03651685393258427,-0.056179775280898875,-0.019662921348314606
parent__gt90__nearest10,bounded_minus_marginal,audc_1_20,356,-0.0032303370786516865,-0.014466292134831462,0.007865168539325841
parent__gt90__nearest10,bounded_minus_marginal,hit_at_1,356,0.0,0.0,0.0
parent__gt90__nearest10,bounded_minus_marginal,hit_at_3,356,-0.008426966292134831,-0.033707865168539325,0.014044943820224719
parent__gt90__nearest10,bounded_minus_marginal,hit_at_5,356,-0.019662921348314606,-0.03932584269662921,0.0
parent__gt90__nearest10,bounded_minus_marginal,hit_at_10,356,0.0,-0.025280898876404494,0.025280898876404494
parent__gt90__nearest10,bounded_minus_marginal,hit_at_20,356,-0.0028089887640449437,-0.014044943820224719,0.0056179775280898875
parent__gt90__nearest10,unbounded_minus_marginal,audc_1_20,356,-0.010393258426966295,-0.027668539325842696,0.005758426966292132
parent__gt90__nearest10,unbounded_minus_marginal,hit_at_1,356,0.0,0.0,0.0
parent__gt90__nearest10,unbounded_minus_marginal,hit_at_3,356,-0.008426966292134831,-0.033707865168539325,0.014044943820224719
parent__gt90__nearest10,unbounded_minus_marginal,hit_at_5,356,-0.014044943820224719,-0.03651685393258427,0.008426966292134831
parent__gt90__nearest10,unbounded_minus_marginal,hit_at_10,356,-0.008426966292134831,-0.033707865168539325,0.014044943820224719
parent__gt90__nearest10,unbounded_minus_marginal,hit_at_20,356,-0.03651685393258427,-0.06179775280898876,-0.014044943820224719
parent__gt90__scaffold,bounded_minus_marginal,audc_1_20,356,-0.0019662921348314595,-0.010396769662921346,0.006320224719101125
parent__gt90__scaffold,bounded_minus_marginal,hit_at_1,356,0.0,0.0,0.0
parent__gt90__scaffold,bounded_minus_marginal,hit_at_3,356,-0.016853932584269662,-0.03651685393258427,0.0
parent__gt90__scaffold,bounded_minus_marginal,hit_at_5,356,-0.016853932584269662,-0.03651685393258427,0.0
parent__gt90__scaffold,bounded_minus_marginal,hit_at_10,356,0.0,-0.016853932584269662,0.016853932584269662
parent__gt90__scaffold,bounded_minus_marginal,hit_at_20,356,0.0,-0.008426966292134831,0.008426966292134831
parent__gt90__scaffold,unbounded_minus_marginal,audc_1_20,356,-0.007162921348314606,-0.020365168539325844,0.004634831460674155
parent__gt90__scaffold,unbounded_minus_marginal,hit_at_1,356,0.0,0.0,0.0
parent__gt90__scaffold,unbounded_minus_marginal,hit_at_3,356,-0.019662921348314606,-0.03932584269662921,-0.0028089887640449437
parent__gt90__scaffold,unbounded_minus_marginal,hit_at_5,356,-0.02247191011235955,-0.042134831460674156,-0.0056179775280898875
parent__gt90__scaffold,unbounded_minus_marginal,hit_at_10,356,0.0028089887640449437,-0.014044943820224719,0.02247191011235955
parent__gt90__scaffold,unbounded_minus_marginal,hit_at_20,356,-0.014044943820224719,-0.03089887640449438,0.0
parent__gt90__standard,bounded_minus_marginal,audc_1_20,356,-0.0035112359550561784,-0.011376404494382021,0.0040730337078651695
parent__gt90__standard,bounded_minus_marginal,hit_at_1,356,0.0,0.0,0.0
parent__gt90__standard,bounded_minus_marginal,hit_at_3,356,-0.016853932584269662,-0.03932584269662921,0.0028089887640449437
parent__gt90__standard,bounded_minus_marginal,hit_at_5,356,-0.016853932584269662,-0.033707865168539325,0.0
parent__gt90__standard,bounded_minus_marginal,hit_at_10,356,-0.0028089887640449437,-0.016853932584269662,0.011235955056179775
parent__gt90__standard,bounded_minus_marginal,hit_at_20,356,0.0,-0.008426966292134831,0.008426966292134831
parent__gt90__standard,unbounded_minus_marginal,audc_1_20,356,-0.009691011235955055,-0.0226123595505618,0.001825842696629212
parent__gt90__standard,unbounded_minus_marginal,hit_at_1,356,0.0,0.0,0.0
parent__gt90__standard,unbounded_minus_marginal,hit_at_3,356,-0.019662921348314606,-0.03932584269662921,0.0
parent__gt90__standard,unbounded_minus_marginal,hit_at_5,356,-0.019662921348314606,-0.03932584269662921,-0.0028089887640449437
parent__gt90__standard,unbounded_minus_marginal,hit_at_10,356,-0.0056179775280898875,-0.02247191011235955,0.008426966292134831
parent__gt90__standard,unbounded_minus_marginal,hit_at_20,356,-0.014044943820224719,-0.028089887640449437,0.0
